Busqueda,Producto,Precio
Arroz,Arroz G2 Largo Delgado 1Kg Acuenta,1350
Arroz,Arroz Grado 2 Bolsa 1Kg Tucapel,1750
Arroz,Arroz Grado 2 Bolsa 1Kg Tucapel,1890
Arroz,Arroz Grado 2 Bolsa 1 Kg MiSol,1490
Arroz,Arroz Grano Largo Ancho Grado 1 1Kg Miraflores...,2590
Arroz,Arroz Grado 1 Grano Largo Ancho Bolsa 1Kg Tucap...,2000
Arroz,Arroz Pre Graneado Grado 1 Grano Largo 1Kg Lide...,1890
Arroz,Arroz Grado 2 Grano Largo Bolsa 1KG Banquete...,1990
Arroz,Arroz Pregraneado Bolsa 1KG Miraflores,2690
Arroz,Arroz G2 1 kg El País,1390
Arroz,Arroz Preparado Champiñón Bolsa 210grs Tucapel...,940
Arroz,Arroz Preparado Chaufán Bolsa 210grs Tucapel...,940
Arroz,Arroz Preparado Primavera Bolsa 210grs Tucapel...,940
Arroz,Arroz Blue Bonnet Grado 1 kg Tucapel,2250
Arroz,Arroz Grado 1 Grano Largo y Delgado Bolsa 1 kg ...,1790
Arroz,Arroz Grado 2 500 g Misol,500
Arroz,Arroz Grado 1 800 g La Romana,1000
Arroz,Arroz Largo Delgado G2 1 kg Selecta,1450
Arroz,Arroz Crocante Chocolate Inkat Crunch 80 g Cala...,1000
Arroz,Arroz Crocante Inkat Crunch Maní 80 g Calaf...,1000
Arroz,Cuscús 250grs Lider,1450
Arroz,Cereal Arroz 250grs Nestum,2690
Arroz,Galleta de Arroz 160grs Cerealitas,3390
Arroz,Galleta de Arroz 110grs Lider,1390
Arroz,Galleta de Arroz 100grs Selz,1650
Arroz,Galleta Arroz Sésamo 90grs Kupiec,2590
Arroz,Bebida Vegetal Arroz 1 l Orasí,2990
Arroz,Cachupin Adulto Carne Arroz 15 kg Cachupin...,22690
Arroz,Galletas de arroz Chocolate-Naranja 25 g Mizos...,570
Arroz,Sopa Deshidratada de Pollo con Arroz 70grs Lide...,390
Arroz,Galletas de arroz Mizos chocolate 20 g Mizos...,520
Arroz,Galletas de Arroz con Chocolate 150 g Lider...,1950
Arroz,Alimento Seco para Gato Arroz y Espinaca 1Kg Ga...,2750
Arroz,Alimento Perro Adulto Carne y Arroz Bolsa 9 Kg...,13390
Arroz,Galleta de Arroz con Un Toque de Sal 110grs Lid...,1390
Arroz,"Alimento Perro Adulto Carne, Arroz y Vegetales ...",25650
Arroz,Quinoa 400grs Lider,3190
Arroz,Quinoa 250 g Lider,1850
Arroz,Alimento Perro Adulto Carne y Arroz Bolsa 15Kg ...,18190
Arroz,Quinoa Mediterránea 400 g Lider,3150
Arroz,Alimento para Perros Adultos Trocitos Jugosos S...,650
Arroz,Alimento para Perros Adultos Trocitos Jugosos S...,650
Arroz,Arvejas Verdes Partidas Banquete Bolsa 1 kg Ban...,2050
Arroz,Galletas Integrales de Zanahoria sin Azúcar Bol...,1290
Arroz,Galleta de Oblea Sabor Chocolate sin Azúcar Bol...,3190
Arroz,Galletas Mana Vainilla 393 g Arcor,2350
Arroz,Galleta Emparedado Frutilla 150grs Ecovida...,1390
Arroz,Galletas de Chuño Light Sin Azúcar 125grs Izkol...,1550
Arroz,Oblea Vainilla Diet Nature 210grs Gullon,3190
Arroz,Galletas Finas Chuño Bolsa 125grs Izkol,1550
Pasta fideos,Fideos Pasta Spaghetti Speciale 400grs Coliseo...,750
Pasta fideos,Spaguetti 5 400grs Acuenta,490
Pasta fideos,Fideos Espirales 400grs Acuenta,490
Pasta fideos,Tallarin 77 400grs Acuenta,490
Pasta fideos,Fideos Corbatas Vitaminizada 400grs Acuenta...,490
Pasta fideos,Fideos Quifaros 400grs Acuenta,490
Pasta fideos,Fideos Dedalitos 31 Bolsa 250 g Lucchetti...,780
Pasta fideos,Fideos Mariposa 81 Bolsa 250grs Lucchetti...,780
Pasta fideos,Fideos Canutos Vitaminizada 400grs Acuenta...,490
Pasta fideos,Fideo Pastina Alfabeto 250grs Carozzi,830
Pasta fideos,Pasta Vitaminizada Mariposas 250grs Carozzi...,820
Pasta fideos,Fideos Mostaccioli 400grs Acuenta,490
Pasta fideos,Spaghetti 5 con Huevos Frescos 400grs Talliani...,1190
Pasta fideos,Fideo Rigatoni 400grs Talliani,1190
Pasta fideos,Fideo Espiral 400grs Talliani,1190
Pasta fideos,Pasta Pantrucas 250 g Carozzi,820
Pasta fideos,Fideos Espirales Trisabor Bolsa 400grs Lucchett...,1090
Pasta fideos,Fideo Corbata 400grs Talliani,1190
Pasta fideos,Spaghetti 400grs Selección,1450
Pasta fideos,Fettucine 400grs Selección,1450
Pasta fideos,Tallarines 78 con Huevos Frescos 400grs Tallian...,1190
Pasta fideos,Fideos Tallarines N°87 Espinaca 400 g Carozzi...,1150
Pasta fideos,Pasta Corbata 88 Bolsa 400grs Lucchetti,1090
Pasta fideos,Fideos Caracoles al Queso Caja 296 g Lucchetti...,1750
Pasta fideos,Fideos Spaghetti Integral 400 g Carozzi,1090
Pasta fideos,Fideos Spaghetti 5 Bolsa 400grs Lucchetti...,1090
Pasta fideos,Fideos Spirali 400grs Selección,1450
Pasta fideos,Fideos Granizo N°73 250 g Carozzi,820
Pasta fideos,Pasta Farfelle Selección,1450
Pasta fideos,Fideos Fusilli Tricolor 400 g Carozzi,1150
Pasta fideos,Fideos Fusilli 400 g Carozzi,1090
Pasta fideos,Fideos Rigatti al Huevo Bolsa 400 g Lider...,1050
Pasta fideos,Pasta Rigati Integral 400 G Lucchetti,1090
Pasta fideos,Fideos Corbata Tricolor 400 g Carozzi,1150
Pasta fideos,Pasta Protein Spaghetti 5 400 g Lucchetti...,1550
Pasta fideos,Anellini al Huevo Bolsa 250 g Talliani,1390
Pasta fideos,Lasaña Precocida Caja 250 g Blue Dragon,4790
Pasta fideos,Fideos Lumaconi Rigati 400grs Selección,1450
Pasta fideos,Spaghetti Sin Gluten 400 g Vivo,3390
Pasta fideos,Pasta Al Huevo Corbata 400 g Lider,1050
Pasta fideos,Fideos Capelli D'Angelo Bolsa 400 g Trattoria...,1150
Pasta fideos,Fideos Spaghetti al Huevo Bolsa 400 g Lider...,1050
Pasta fideos,Fideos Canuto Rayados 400grs Lider,760
Pasta fideos,Pure De Tomate 1030 g Pontevedra,2150
Pasta fideos,Fideos Caracolitos 400grs Lider,760
Pasta fideos,Tallarín 78 Pasta al Huevo Bolsa 400 g Lider...,1050
Pasta fideos,Pasta Espirales Al Huevo 400 g Lider,1050
Pasta fideos,Fideos Cabellitos 400grs Lider,760
Pasta fideos,Fideos Mostacciolli Bolsa 400grs Lider,760
Porotos blancos,Porotos Blancos 380grs Wasil,1000
Porotos blancos,"Porotos blancos, 390 grs Lider",1150
Porotos blancos,Porotos Blancos 1 Kg Iansa Agro,3690
Manzana granel,Manzana Verde Granel 500 g,925
Palta Hass,Palta Hass 500grs,1995
Sal,Sal Fina 1Kg Acuenta,360
Sal,Sal de Mesa 1Kg Lobos,490
Sal,Sal Parrillera 750grs Lider,1350
Sal,Sal De Cocina 1Kg Lobos,580
Sal,Salero Sal Fina 125grs Lobos,630
Sal,Sal Fina de Mesa 1Kg Lider,390
Sal,Sal Fina Bolsa 1Kg Lobos,890
Sal,Sal de Mar Natural Doypack 800grs Lider,1490
Sal,Mantequilla con Sal 250grs Colun,2650
Sal,Mantequilla con Sal 250grs Lider,2550
Sal,Mantequilla Con Sal Président,2790
Sal,Ramitas Sal 170 g Evercrisp,1000
Sal,Mantequilla Con Sal 125grs Colun,1690
Sal,Mantequilla Sin Sal 250grs Colun,3490
Sal,Mantequilla Con Sal 125grs Calo,1790
Sal,Maní Sin Sal 430grs Lider,2290
Sal,Maní Sin Sal 160grs Lider,990
Sal,Mantequilla Con Sal 200 g Soprole,2000
Sal,Mantequilla Con Sal 250 g Calo,2790
Sal,Mantequilla Con Sal Los Alerces 125g,1650
Sal,Shampoo Sin Sal Coco 750ml Ballerina,1950
Sal,Mantequilla Con Sal 250 g Soprole,2890
Sal,Mantequilla Sin Sal Pan 250grs Soprole,3190
Sal,Mantequilla con Sal 250grs Los Alerces,3390
Sal,Mani Sin Sal 380 g Evercrisp,2750
Sal,Shampoo Moringa Sin Sal 750ml Familand,1990
Sal,Acondicionador Sin Sal Granada 750ml Ballerina...,1950
Sal,Acondicionador Moringa Sin Sal 750ml Familand...,1990
Sal,Mantequilla con Sal 125 g Soprole,1590
Sal,Shampoo sin Sal Granada Doypack 750ml Ballerina...,1290
Sal,Shampoo sin Sal Granada Botella 750ml Ballerina...,1990
Sal,Kryzpo Wavy Sal Mar 110 gr Kryzpo,2350
Sal,Chips De Platano Sal Marina 34 g Samai,790
Sal,Shampoo sin Sal Palta y Almendra Doypack 750ml ...,1290
Sal,Galleta de Arroz con Un Toque de Sal 110grs Lid...,1390
Sal,Shampoo Bio Granada - Uva Sin Sal Botella 750ml...,1990
Sal,Acondicionador Arándano Uvaterapia sin Sal Bote...,1990
Sal,Shampoo Arándano Uvaterapia sin Sal Botella 750...,1990
Sal,Acondicionador sin Sal Palta y Almendra Doypack...,1290
Sal,Papas Fritas Rusticas Sal De Mar 130 g Marco Po...,1000
Sal,Papas Fritas Rústicas Sal de Mar 185 g Marco Po...,2590
Sal,"Mix de almendras, pasas rubias y maní tostado, ...",7590
Sal,"Mix de maní tostado, nueces, semillas de zapall...",6490
Sal,"Mix de maní tostado, almendras, nueces, castaña...",7990
Azúcar,Azúcar Blanca 1Kg Acuenta,1090
Azúcar,"Azúcar blanca granulada grado 2, 900grs lider...",1000
Azúcar,Azúcar Granulada 1Kg Iansa,1390
Azúcar,Azúcar Granulada 1Kg Lider,1250
Azúcar,Azúcar Flor 500grs Iansa,1050
Azúcar,Azúcar Blanca Granulada 5Kg Lider,6190
Azúcar,Azúcar Rubia Bolsa 500grs Iansa,1090
Azúcar,Azúcar Flor 500grs Lider,1090
Azúcar,Azúcar Rubia 1 kg Lider,2250
Azúcar,Azúcar Rubia 500grs Lider,1150
Azúcar,Azúcar Rubia 1 Kg Iansa,2650
Azúcar,Azúcar Flor 1 Kg Iansa,2490
Azúcar,Azúcar Blanca Light Con Sucralosa 500 g Iansa...,1590
Azúcar,Panela En Polvo 400 g Health Natural,2490
Azúcar,Chancaca 450 grs Iansa,2250
Azúcar,Chancaca Deliciosa 400 gr,2490
Azúcar,Chancaca 200 g Deliciosa,1290
Azúcar,Néctar Durazno Sin Azúcar Añadida,1000
Azúcar,Bebida Pepsi Zero / Sin Azúcar 3L Desechable...,2000
Azúcar,Queque Brownie Sin Azúcar 250grs Nutra Bien...,2590
Azúcar,"Bebida Sin Azúcar Botella 2,5 L Fanta",2000
Azúcar,Galletas Integrales de Zanahoria sin Azúcar Bol...,1290
Azúcar,Galletas de Chuño Light Sin Azúcar 125grs Izkol...,1550
Azúcar,"Bebida Pepsi Zero / Sin Azúcar Cola 1,5L Desech...",1290
Azúcar,"Bebida Coca-Cola Zero / Sin Azúcar 1,5L Desecha...",1950
Azúcar,Cacao Natural En Polvo con Azúcar Dulce 200 g...,890
Azúcar,Bebida Sin Azúcar Botella 2 L Coca Cola,2000
Azúcar,Bebida Wilk Original Sin Azúcar 1 L Vilay...,2190
Azúcar,Bebida Sin Azúcar Pack Lata 6 Un Coca-Cola...,3950
Azúcar,Bebida de Coco Sabor Original Sin Azúcar 1 L...,1800
Azúcar,Bebida Naranja Sin Azúcar Botella Retornable 2 ...,1490
Azúcar,Sprite Retornable (No Incluye Envase) Sin Azúca...,1490
Azúcar,"Néctar del Valle Durazno 0% Azúcar Añadida 1,75...",1790
Azúcar,Bebida Energética sin Azúcar Lata 355 ml Red Bu...,2290
Azúcar,Galleta de Oblea Sabor Chocolate sin Azúcar Bol...,3190
Azúcar,Bebida Coca-Cola Zero / Sin Azúcar 2L Retornabl...,1490
Azúcar,Nectar multi-frutilla 0% Azúcar añadida botella...,1590
Azúcar,Yoghurt Batido Sin Azucar Sabor Vainilla Pote ...,320
Azúcar,Yoghurt Batido Sin Azucar Sabor Frutilla Pote ...,320
Azúcar,Bebida Light Botella 2 L Coca Cola,2000
Azúcar,Bebida Seven Up Zero 3L Desechable,2000
Azúcar,Bebida Gas aya Zero 2.5 L Pap,2000
Azúcar,"Bebida Frutal 2,5 L Bilz Zero",2000
Azúcar,Bebida Limón Soda Zero 2.5 L Limón Soda,2000
Azúcar,"Bebida Coca-Cola Light 1,5L Desechable",1950
Azúcar,Bebida Gas Piña Kem Zero 2.5 L Kem,2000
Aceite,Aceite Vegetal Botella 900ml Acuenta,1450
Aceite,Aceite Vegetal Bidón 5L Acuenta,7890
Aceite,"Aceite Vegetal Botella 1,5L Acuenta",2390
Aceite,Aceite Vegetal Botella 1L Belmont,2190
Aceite,Aceite De Maravilla 1 L Chef,2450
Aceite,Aceite De Maravilla 900 ml Miraflores,2850
Aceite,Aceite de Maravilla Botella 1L Natura,3790
Aceite,Aceite Maravilla 900 ml Lider,2290
Aceite,Aceite Vegetal 900 ml Miraflores,1950
Aceite,Aceite De Oliva Extravirgen 250 ml Relive...,5290
Aceite,Aceite De Oliva Botella 250 ml Banquete,6790
Aceite,Aceite de Pepa de Uva Botella 500ml Chef,5190
Aceite,Aceite de Oliva Extra Virgen Botella 500cc Chef...,8990
Aceite,Aceite De Oliva Extra Virgen Premium 500 ml Rel...,8990
Aceite,Aceite De Oliva Extra Virgen Botella 2 L Sol de...,30490
Aceite,Aceite de Soya Con Sabor Mantequilla En Aerosol...,4890
Aceite,Aceite Maravilla 900 ml Sorrento,1900
Aceite,Aceite Vegetal 900 ml Parral,1450
Aceite,Aceite Olivado 1 L Lider,6990
Aceite,Aceite de Motor 20w50 946ml Autodrive,5490
Aceite,Aceite de Omega 3 Botella Nutra Bebé 240ML...,3250
Aceite,Aceite Oliva Extra Virgen Botella 1 L Lider...,14390
Aceite,Choritos en Aceite Lata,1000
Aceite,Choritos En Aceite 190 g Acuenta,1000
Aceite,Atún Desmenuzado en Aceite 170grs Lider,700
Aceite,Lomitos De Atun En Aceite 160 g Acuenta,990
Aceite,Sardina en Aceite Lata Deyco 125g,1090
Aceite,Choritos Naturales al Aceite 425grs Lider...,3190
Aceite,Atún Lomitos En Aceite 140 g La Romana,1000
Aceite,Atún Lomo Aceite 142 g Dorasol,990
Aceite,Surtido de Mariscos en Aceite Lata 425grs Lider...,2890
Aceite,Surtido de Mariscos en Aceite Lata 190grs Lider...,1850
Aceite,Cholgas En Aceite De Maravilla 190 g Lider...,2090
Aceite,Choritos En Aceite Maravilla 190 g San José...,1690
Aceite,Jabón Barra Aceite de Aldras 150grs Le Sancy...,1000
Aceite,Le Sancy Jabon Barra Aceite De Almendras 2Un...,3050
Aceite,Lomos De Jurel En Aceite 160 g San José,1290
Aceite,Jabón Líquido Aceite De Coco Y Jazmín 750 ml Ba...,1000
Aceite,Jabón Líquido Doble Humectación Avena Y Aceite ...,1000
Aceite,Toallitas Húmedas Bebé Con Aceite De Caléndula ...,1000
Aceite,Toallitas Húmedas Ultra Soft con Aceite de Emu ...,990
Aceite,Toallitas Húmedas Ultra Soft con Aceite de Emu ...,2490
Aceite,Toallitas Húmedas Ultra Soft con Aceite de Emu ...,2490
Aceite,Pack 2 Jabónes en Barra Aceites Esenciales (150...,1990
Aceite,Toallitas Húmedas Bebé Con Aceite De Caléndula ...,1000
Aceite,Toallitas Húmedas Ultra Soft con Aceite de Emu ...,1990
Aceite,"Shampoo Anti-Resequedad Nutrición Diaria, Miel ...",5990
Aceite,Aceto Balsámico Botella 250 ml Traverso,1990
Aceite,Aceto Balsámico Botella 500 ml Imperatore...,2890
Aceite,Sucedaneo De Limón 700 ml Traverso,1000
Aceite,Vinagreta 255 ml Traverso,1500
Aceite,Limoneta 255 ml Traverso,1500
Aceite,Vinagre De Vino Blanco 700 ml Traverso,1000
Aceite,Vinagre De Vino Rosado 700 ml Traverso,1000
Aceite,Emulsionado Neutro Baby Care 360ml Simond's...,3250
Aceite,Emulsionado Neutro Botella 410ml Babyland...,2190
Huevo Blanco,Huevo Blanco Grande 12 Un Yemita,2690
Huevo Blanco,Huevo Blanco Mediano 30 Un Cintazul,9190
Huevo Blanco,Huevo Blanco Mediano M 12 Un Cintazul,3250
Huevo Blanco,Huevo Grande Blanco 12 Un Lider,3150
Huevo Blanco,Huevo Extra Grande Blanco 12un Marca Yemita...,3190
Huevo Blanco,Huevo Grande Blanco 6 Unidades Marca Lider...,2090
Huevo Blanco,Huevo Pañuelo Costa Blanc 85 g Costa,5290
Huevo Blanco,Bandeja De Huevos De Chocolate Blanco Mecano 16...,4390
Huevo Blanco,Set 4 Ganchos de Lujo Blancos Nuevo Hogar...,1690
Jamón Sándwich,Jamón Sándwich Artesanal de Cerdo Bolsa 250grs ...,1550
Jamón Sándwich,Jamon pierna Sandwich 200 gr,2000
Queso,Queso Gauda Laminado 500grs Lider,4890
Queso,Queso Gauda Laminado 467grs Calo,4890
Queso,Queso Gauda 250grs Soprole,3000
Queso,Queso Chanco 100 g Quillayes,1000
Queso,Queso Gouda Laminado 150grs Lider,1790
Queso,Queso Gauda Laminado 500 g Colun,4890
Queso,Queso Chacra 400 g Quillayes,2390
Queso,Queso Chanco Laminado 500grs Lider,5690
Queso,Queso Mantecoso Laminado 250grs Lider,3090
Queso,Queso Gauda Laminado 250grs Lider,2890
Queso,Queso Gauda Laminado 500 g Soprole,4890
Queso,Queso Mantecoso Laminado 150 g Soprole,2000
Queso,Queso Mantecoso Granulado 400 g Quillayes...,5550
Queso,Queso Mantecoso Laminado 500 g Quilque,6690
Queso,Queso Chanco 434 g Las Parcelas de Valdivia...,5790
Queso,Queso Chacra Sin Lactosa 400 g Quillayes,3000
Queso,Queso Gauda Laminado 90 g Doña Paula,1090
Queso,Queso Ranco Laminado Envase Flexible 500grs Col...,6090
Queso,Queso Mantecoso Río Bueno Laminado 500 g Colun...,5850
Queso,Queso Cheddar Slices 144 g Great Value,1890
Queso,Queso Ranco Laminado Colun 75 g Colun,1150
Queso,Queso Mantecoso Quilque Trozo 350 g Soprole...,4490
Queso,Queso Chanco Laminado 250grs Lider,2690
Queso,Queso Mantecoso Trozo 350grs Lider,4190
Queso,Queso Chacra Rio Bueno 400grs Colun,2750
Queso,Queso Gauda Laminado 150 g Colun,2290
Queso,Queso Ranco Trozo 200 g Colun,3690
Queso,Queso Mini Babybel 110 g Bel,4550
Queso,Queso Ahumado 140 Grs,3390
Queso,Queso Cheddar 226 g Great Value,3590
Queso,Queso Mantecoso Trozado 200 g Doña Paula,2390
Queso,Queso Crema 226 g Lider,2790
Queso,Queso Crema Natural 100grs Colun,740
Queso,Queso Fresco 450grs Colun,2550
Queso,Queso Rallado Sobre 40grs Colun,970
Queso,Tabla Queso Mantecoso 300grs Pahuilmo,6390
Queso,Gauda Laminado 500g Acuenta,4350
Queso,Queso Crema 180 g Philadelphia,3390
Queso,Queso Llanero 200 g Palmizulia,2990
Queso,Queso Parmesano Rallado 80 gr Lider,1690
Queso,Queso Crema Salame y Morrón 100grs Colun,740
Queso,Queso Mantecoso Laminado 75 g Lider,820
Queso,Queso Gauda Laminado 75 g Lider,820
Queso,Queso Chanco Laminado 75 g Lider,820
Queso,Queso Semi Duro 200 g Palmizulia,2750
Queso,Queso Crema con Ají Merken 100grs Colun,740
Queso,Queso Fresco Light Sin Lactosa 400 g Colun...,2690
Queso,Doritos Sabor Queso Sabor Queso 285grs Doritos...,2790
Queso,Doritos Queso 140 g,1000
Queso,Palitos Queso 350grs Acuenta,1690
Queso,Ramitas Sabor Queso 270grs Lider,1490
Queso,Doritos Queso 150 g Doritos,1550
Queso,Empanadas Queso 24 Un Lider,3450
Queso,Tortilla sabor Queso 180grs Lider,1190
Queso,Ramitas sabor queso 48grs Evercrisp,590
Queso,Doritos sabor Queso 200grs Evercrisp,1990
Queso,Doritos Queso 72 g Doritos,950
Queso,Empanadas Cóctel Queso 12 Un Lider,3000
Queso,Ramitas Queso 170 g Marco Polo,1000
Queso,Empanadas Hoja Queso 2 Un Lider,2490
Queso,Ramitas Queso 330 g Marco Polo,2450
Queso,Papas Fritas Tarro Queso 130 g Kryzpo,1550
Queso,Cheetos Palitos Sabor Queso 280 grs Cheetos...,1950
Queso,Crunchis Sufle De Queso 200 g Marco Polo,1750
Queso,Taza De Fideos Queso Cheddar 69 g Nissin,1390
Queso,Fideos Caracoles al Queso Caja 296 g Lucchetti...,1750
Queso,Fideos Instantaneos Para Sopa Sabor Queso 65 g ...,980
Queso,"Papas Fritas Tarro Sabor Queso Cheddar 142 g, G...",2390
Queso,Bife De Pierna Con Hueso 450 g Cook & Fun...,3690
Queso,Quesillo 320grs Colun,2090
Queso,Quesillo Sin Lactosa 320 g Colun,2750
Queso,Quesillo Light 320grs Colun,2690
Queso,Quesillo 300 g Quillayes,1890
Mantequilla,Mantequilla con Sal 250grs Colun,2650
Mantequilla,Mantequilla con Sal 250grs Lider,2550
Mantequilla,Mantequilla Con Sal 200 g Soprole,2000
Mantequilla,Mantequilla Untable 200grs Colun,3390
Mantequilla,Mantequilla Con Sal 250 g Calo,2790
Mantequilla,Mantequilla Con Sal 250 g Soprole,2890
Mantequilla,Mantequilla Sin Sal Pan 250grs Soprole,3190
Mantequilla,Mantequilla Con Sal Président,2790
Mantequilla,Mantequilla Con Sal 125grs Colun,1690
Mantequilla,Mantequilla Sin Sal 250grs Colun,3490
Mantequilla,Mantequilla Con Sal Los Alerces 125g,1650
Mantequilla,Mantequilla Artesanal de Campo Lácteos Futaleuf...,3190
Mantequilla,Mantequilla Con Sal 125grs Calo,1790
Mantequilla,Mantequilla con Sal 250grs Los Alerces,3390
Mantequilla,Mantequilla con Sal 125 g Soprole,1590
Mantequilla,Mantequilla,2000
Mantequilla,Mantequilla de Maní Clásica 500grs Great Value...,3790
Mantequilla,Mantequilla Mani Crunch 500 ml Great Value...,3790
Mantequilla,Margarina sabor Mantequilla 500grs Bonella...,4290
Mantequilla,Margarina Mix con Mantequilla 500grs Soprole...,3690
Mantequilla,Margarina Mix+ con Más Mantequilla Soprole...,3690
Mantequilla,Grisines Con Ciboulette y Sabor Mantequilla Ide...,1890
Mantequilla,Aceite de Soya Con Sabor Mantequilla En Aerosol...,4890
Salsa tomates,Salsa Tomate 200grs Malloa,850
Salsa tomates,Salsa de Tomate Natural Doypack Lider,620
Salsa tomates,Salsa de Tomate Italiana Doypack Lider,620
Salsa tomates,Salsa Tomate Natural Aconcagua 200grs Aconcagua...,780
Salsa tomates,Salsa Tomate Italiana Aconcagua 200grs Aconcagu...,780
Salsa tomates,Salsa De Tomate Italiana 200 g Pomarola,790
Salsa tomates,Salsa De Tomate Natural 200 g Pomarola,830
Salsa tomates,Salsa de Tomate con Carne Doypack Lider,620
Salsa tomates,Salsa de Tomates Preparada al Pesto 200grs Lide...,850
Salsa tomates,Salsa de Tomate Tuco Carne Lata 245grs Maggi...,1590
Salsa tomates,Salsa de Tomate Tuco Pollo Lata 245grs Maggi...,1590
Salsa tomates,Salsa de Tomate Tradicional 6u(200grs c/u) Poma...,3250
Salsa tomates,Pack Salsa de tomate 215grs c/u 6 Un Aconcagua...,2490
Sopa Pollo,Sopa de Pollo con Fideos 70grs Lider,390
Sopa Pollo,Sopa para Uno Pollo Merkén 16grs Maggi,480
Sopa Pollo,Sopa Deshidratada de Pollo con Arroz 70grs Lide...,390
Sopa Pollo,Sopa Para Uno Consomé Pollo 10 g Maggi,480
Sopa Pollo,Sopa Deshidratada de Pollo con Verduras y Fideo...,390
Sopa Pollo,Sopa para uno Sabor pollo con Fideos 16 g Maggi...,480
Vacuno,Hamburguesa Vacuno 100grs PF,550
Vacuno,Hamburguesa de Vacuno 50 g Acuenta,290
Vacuno,Churrasco De Vacuno 110 g Acuenta,940
Vacuno,Hamburguesa de Vacuno 100 g La Crianza,750
Vacuno,Pack Hamburguesa Vacuno 1 kg PF,7990
Vacuno,Mix Vacuno Soya 250 g Acuenta,1350
Vacuno,Carne Vacuno Abastero 1.7 kg EEUU,22083
Vacuno,Carne Vacuno Huachalomo 1.4 kg Al Vacío,10346
Vacuno,Carne Vacuno Choclillo 1.4 kg Al Vacío,11606
Vacuno,Carne Vacuno Ganso 2.1 kg Al Vacío,17619
Vacuno,Hamburguesa de Vacuno King Kong 185 grs King...,890
Vacuno,Lomo Vetado Carne Vacuno 1.2 kg Al Vacío,14388
Vacuno,Carne Vacuno Asado Carnicero 1.4 kg Al Vacío...,11606
Vacuno,Carne Vacuno Punta Paleta 2 kg Al Vacío,17980
Vacuno,Carne Vacuno Posta Rosada 1.4 kg Al Vacío...,13006
Vacuno,Carne Vacuno Posta Negra 1.8 kg Al Vacío,16182
Vacuno,Lomo Liso Carne Vacuno 1.4 kg Al Vacío,21126
Vacuno,Carne Vacuno Punta Picana 1.3 kg Al Vacío...,12987
Vacuno,Hamburguesa De Carne De Vacuno Friboi 100 g Fri...,810
Vacuno,Carne Vacuno Pollo Ganso 2.4 kg Al Vacío,23976
Vacuno,Hamburguesa de Vacuno Pack 10 Un 900 g San Jorg...,4690
Vacuno,Carne Molida de Vacuno 7% grasa 500 g El Buen C...,5490
Vacuno,Escalopa Posta 400 g Buen Corte,6390
Vacuno,Sobrecostilla 1.5 kg Al Vacío,11085
Vacuno,Plateada 1.7 kg Al Vacío,12733
Vacuno,Carne Molida 10% 250grs El Buen Corte,2890
Vacuno,Carne Molida 10% 500g El buen corte,4990
Vacuno,Carne Molida 7% El Buen Corte 250grs,3090
Vacuno,Carne Molida 4% El Buen Corte 250grs,3390
Vacuno,Bistec Posta de Paleta 400 g Buen Corte,5990
Vacuno,Carne Molida 250gr Chilenaza,1190
Vacuno,Carne Molida 125gr Chilenaza,620
Vacuno,Asado Americano Trozo 800 gr El Buen Corte...,9592
Filetitos,Filetitos de Pollo Envasado 830grs Ariztía...,6390
Filetitos,Filetitos De Pollo Envasado 480g Ariztia,3390
Filetitos,Filetitos de Pollo 530grs Super Pollo,4190
Filetitos,Pollo Filetitos De Pechuga Congelada 800 g Sear...,4490
Avena,Avena Instantanea 800 g Vivo,2350
Avena,Avena 4 Semillas 700 g Vivo,2990
Avena,Jabón Avena Coloidal Simond's 850ML,3090
Avena,Jabón Gel Avena Botella 1L Simond'S,2790
Avena,Bebida Vegetal Avena 1 L Vivicosí,2590
Avena,Jabón Avena Karate con Válvula 500ml Familand...,2290
Avena,"Jabon De Glicerina Avena Doypack 1500 ml, Belle...",2000
Avena,"Jabón Dermo Avena Glicerina Doy Pack 1,5L Simon...",3190
Avena,Jabón Gel con Glicerina Avena Doypack 750ml Sim...,1890
Avena,Jabón Líquido Doble Humectación Avena Y Aceite ...,1000
Avena,Jabon De Barra Avena 3 un de 90 gr c/u 90 g Niv...,3890
Avena,Arena Sanitaria para Gatos Bolsa 4 Kg Acuenta...,4290
Avena,Arena Sanitaria para Gatos Aglutinante con Arom...,10890
Avena,Arena Sanitaria para Gatos Aglutinante con Arom...,5790
Avena,Cereal Sabor Chocolate Receta Original 805 g Ch...,5490
Pan Blanco,Pan Pita Blanco Light 344grs Ideal,1650
Pan Blanco,Pan De Molde Familiar Blanco 580grs Lider...,1900
Pan Blanco,Pan de Molde Blanco XL 750grs Lider,2390
Pan Blanco,Pan de Molde Blanco XL 770 g Castaño,2790
Jurel en Lata,Jurel Natural Lata 425grs San José,2090
Café,Café Instantaneo Liofilizado Frasco 300grs Sele...,10890
Café,Café Tradición 150grs Nescafé,6390
Café,Café Tradición 100grs Nescafé,3000
Café,Café Instantaneo Liofilizado Frasco 170grs Sele...,6690
Café,Café Cappuccino Moka 8 Un (23grs c/u) Lider...,3390
Café,Café Premium 170grs Gold,7190
Café,Café Clásico Tarro 170grs Monterrey,4390
Café,Café Tradición Tarro 400grs Nescafé,12990
Café,Café Descafeinado Tarro 170grs Gold,6790
Café,Café Molido 250 g Copacabana,4290
Café,Café de Cebada 170 gr Coronado,3390
Café,Café Fina Selección Frasco 200grs Nescafé...,11190
Café,Café Instantáneo Suave 170 g Cruzeiro,3590
Café,Café Instantáneo Descafeinado Decaf Frasco 170g...,6990
Café,Café Instantáneo Torrado con Caramelo 170grs Ac...,3090
Café,Café instantáneo Tradición Tarro 210 g Nescafé...,9090
Café,Café Instantáneo Primera Selección Tarro 150grs...,5590
Café,Café Instantáneo de Cebada Tostada Tarro 170grs...,2990
Café,Café Instantáneo de Cebada Tostada Tarro 50grs ...,1200
Café,Café instantáneo Cappuccino 8 Un 112 g Nescafé...,3690
Café,Café instantáneo Doble Choca Moka 184 g Nescafé...,3690
Café,Café Instantáneo Vainilla Latte 8 Un 148 g Nesc...,3690
Café,Café Cappuccino Avellana 8 Un (17grs c/u) Lider...,3390
Café,Café Molido Mezcla Super Moka Bolsa 250 gr Hait...,4390
Café,Café Tradición 3 en 1 8 Sobres de 24 g c/u) Caj...,2990
Café,Betún Pasta Café 88ml Virginia,2350
Café,Set 6 Cucharas Café Grey Label,1190
Café,Betún Líquido Café Botella Virginia 60ML,2850
Café,Cinta de Embalaje café 40 mts 1 Un Tesa,990
Café,Cafe Molido Mezcla Express Bolsa 250 g Haiti...,3990
Té,Té Ceylán 200grs Mildred,2650
Té,Té Ceylán Premium 100 Un Supremo,5090
Té,Té Emblem Tea Ceylán Blend 100 Un Emblem Tea...,2790
Té,Té Ceylán Premium Supremo Caja 40grs Supremo...,1000
Té,Té Polvo Orjas Lata 30grs Orjas,1590
Té,Té Ceylan Express 100 Un Supremo,3590
Té,Té Ceylán Premium 50 Un Supremo,2690
Té,Té Ceylán Superior Bolsa 500grs Superior,5790
Té,Té Ceylán Caja 20 Un Mildred,960
Té,Té Ceylan Línea Oro 100 Un Supremo,3790
Té,Té Premium Caja 100 Un Emblem Tea,3590
Té,Té Emblem Tea Premium Bolsa 400grs Emblem Tea...,4680
Té,Té Ceylan Superior 125grs Supremo,1890
Té,Té La Rendidora 50 Un Supremo,1390
Té,Té Premium Ceylon Caja 100 un Dilmah,6190
Té,Té Mystic Ceylan Supremo 80 Un Supremo,3390
Té,Te Negro En Bolsitas 150 g Acuenta,1890
Té,Té Verde 50 Un Lipton,3990
Té,Té Canela 20 Un Supremo,1650
Té,Té Verde 20 Un Club,1850
Té,Té instantáneo sabor Canela 30grs Orjas,1590
Té,Té Manzana Canela 20 Un Supremo,1590
Té,Té Naranja Imperial 20 Un Supremo,1850
Té,Té 6 Sabores 20 Un Supremo,1990
Té,Té Verde Chino 20 Un Green,1000
Té,Té Frutos Patagónicos 20 Un Supremo,2450
Té,Té Verde Premium Caja 100 g Supremo,3690
Té,Té Ocho Hierbas Caja 20 g Supremo,990
Té,Té Verde con Matcha 40 g Supremo,2050
Té,Té Earl Grey Caja 20 Un Supremo,1650
Té,Té Verde de China Caja 200 g Lider,5490
Té,Té verde frutos rojos 20 bolsitas 20 bolsitas L...,2490
Té,Set 4 Cucharas Té 1 Un Grey Label,1190
Té,R Set De Te Cocina 1 Un Perrot,5890
Yogurt Batido,Yoghurt Batido 16 Un Soprole,4990
Yogurt Batido,Yoghurt Batido Sabor Mora 110grs Acuenta,170
Yogurt Batido,Yoghurt Batido Sabor Vainilla 110grs Acuenta...,170
Yogurt Batido,Yoghurt Batido Sabor Damasco 110grs Acuenta...,170
Yogurt Batido,Yoghurt Batido Pote 155grs 1+1,520
Yogurt Batido,Yoghurt Batido Sabor Frutilla 110grs Acuenta...,170
Yogurt Batido,Yoghurt Batido Sabor Frutilla Bolsa 1L Colun...,1550
Yogurt Batido,Yoghurt Batido Sabor Plátano Bolsa 1L Colun...,1550
Yogurt Batido,Yoghurt Batido Sabor Mora Bolsa 1L Colun,1550
Yogurt Batido,Yoghurt Batido Sabor Frutilla 120 g Lider...,220
Yogurt Batido,Yoghurt Batido Sabor Mora Pote 120grs Lider...,220
Yogurt Batido,Yoghurt Batido Sabor Damasco Pote 120grs Lider...,220
Yogurt Batido,Yoghurt Batido Sabor Vainilla Pote 120grs Lider...,220
Yogurt Batido,Yoghurt Batido Sabor Vainilla Botella 1L Soprol...,2390
Yogurt Batido,Yoghurt Batido Sabor Frutilla Botella 1L Soprol...,2390
Yogurt Batido,Yoghurt Batido Light Sabor Frutilla Pote 125grs...,290
Yogurt Batido,Yoghurt Batido Sabor Cereza Bolsa 1 kg Colun...,1550
Yogurt Batido,Yoghurt Batido Light Sabor Mora Pote 125grs Col...,290
Yogurt Batido,Yoghurt Batido Light Sabor Frambuesa Pote 125gr...,290
Yogurt Batido,Yoghurt Batido Sabor Piña Bolsa 1 kg Colun...,1550
Yogurt Batido,Yoghurt Batido Sin Lactosa Sabor Chirimoya Bols...,2350
Yogurt Batido,Yoghurt Batido Berries Multipack 12 Un x 115 g ...,2950
Yogurt Batido,Yoghurt Batido Light Sin Lactosa Sabor Frutilla...,350
Yogurt Batido,Yoghurt Batido Light Sin Lactosa Sabor Chirimoy...,350
Yogurt Batido,Yoghurt Batido Tradicional Multipack 12 Un x 11...,2950
Yogurt Batido,Yoghurt Batido Light sin Lactosa Sabor Vainilla...,350
Yogurt Batido,Yoghurt Batido sin Lactosa con Trozos sabor Dur...,530
Yogurt Batido,Yoghurt Batido Sin Azucar Sabor Frutilla Pote ...,320
Yogurt Batido,Yoghurt Batido Sin Azucar Sabor Vainilla Pote ...,320
Yogurt Batido,Yoghurt Batido Sin Lactosa con Trozos Sabor Pap...,530
Yogurt Batido,Yoghurt Batido Sin Lactosa con Trozos Sabor Ber...,530
Puré de Papas,Puré de Papas 250 g Maggi,2390
Puré de Papas,Puré de Papas Caja 250grs Hoffmann,1950
Puré de Papas,Puré De Papas 93 g Maggi,1690
Puré de Papas,Puré de Papas con leche 1Kg Lider,6890
Puré de Papas,Puré de Papas Bolsa 1 kg Hoffmann,7690
Puré de Papas,Puré de Papas Instantáneo con Leche Caja 250grs...,1950
Harina sin polvos.,Harina Sin Polvos de Hornear 1Kg Acuenta,860
Harina sin polvos.,Harina Sin Polvos de Hornear 25Kg Acuenta...,16990
Harina sin polvos.,Harina Sin Polvos de Hornear 5Kg Acuenta,4190
Harina sin polvos.,Harina Sin Polvos de Hornear 1Kg Selecta,1490
Harina sin polvos.,Harina sin Polvos de Hornear Collico 1Kg Collic...,1390
Harina sin polvos.,Harina Fuerza Sin Polvos de Hornear 1 kg El Per...,1290
Harina sin polvos.,Harina Flor super fina sin polvos de hornear 1k...,950
Salchicha,Salchicha Tradicional 1 Kg Winter,2990
Salchicha,Salchichas de Pollo Display 1Kg Montina,4000
Salchicha,Salchicha Sureña 1 kg Winter,3250
Salchicha,Salchicha Tradicional 1Kg San Jorge,3350
Salchicha,Salchichas De Pavo 1Kg PF,2950
Salchicha,Salchichas Sureñas Display 1Kg PF,3890
Salchicha,Salchicha Pollo 500 g Lider,2390
Salchicha,Salchicha Tradicional 250 g San Jorge,1000
Salchicha,Salchicha Sureña 5 Un La Preferida,2000
Salchicha,Salchichas Sureñas 1 kg San jorge,3550
Salchicha,Salchichas de pollo y cerdo 500grs Acuenta...,1550
Salchicha,"Salchichas tradicionaes 20 Unidades, total 1kg ...",2950
Salchicha,"Salchicha Sureña Bolsa (10 Un), La preferida...",3250
Salchicha,Salchicha Sureña 20 Un 1 kg Montina,4250
Salchicha,Salchichas de Pollo 20 Unidades 1Kg Winter...,3790
Salchicha,Salchicha de Ave Display (5 Un) 240 g Montina...,1490
Salchicha,Salchichas Sureñas 5 Un PF,1190
Salchicha,Salchicha Sureña 250 g San Jorge,1350
Salchicha,Salchichas Premium Display (5 Un) 250 g Receta ...,2000
Salchicha,Salchichón Cervecero 250 g Winter,1750
Salchicha,Mini Salchichón Cervecero Embutido 400grs PF...,2150
Salchicha,Salchichón Cervecero 150 gr Receta Del Abuelo...,1550
Salchicha,Choclo Congelado 260 g Frutos Del Maipo,1000
Salchicha,Longaniza Sureña 400 g San Jorge,2150
Salchicha,Longanicilla Parrillera 280 g Receta Del Abuelo...,2990
Salchicha,Hamburguesa de Vacuno 100 g La Crianza,750
Salchicha,Nuggets De Pollo 275 g Super pollo,1000
Salchicha,Chorizo Parrillero 250 g La Crianza,2000
Salchicha,Chorizo Español Maduro 150 g Selección,1750
Salchicha,Salame Español Maduro 150 g Selección,1750
Salchicha,Chorizo Parrillero 1 kg PF,4350
Salchicha,Chorizo parrillero 400grs Receta Del Abuelo...,3250
Salchicha,Longaniza 1Kg Super Cerdo,5090
Salchicha,Chorizo Parrillero 800 g San Jorge,3250
Salchicha,Chorizo de Campo 400 g,2350
Salchicha,Chorizos 16 Un 800 g Winter,3990
Salchicha,Chorizo Angus 500grs La Preferida,4250
Salchicha,Chorizo Tradicional 300 g Montina,2590
Salchicha,Longaniza Ahumada Tradicional Al Vacio 500 g Ch...,5890
Salchicha,Longaniza Tradicional 300 g Montina,2590
Salchicha,Medallon De Lomo 120 g Super Cerdo,1000
Salchicha,Longanicilla de Campo Display 14 Un La Crianza...,2350
Salchicha,Chorizo Sureño 400 g,2350
Salchicha,Chorizo Tradicional 1 kg Super Cerdo,5190
Agua Mineral sin Gas,"Agua Mineral Sin Gas 1,6L Lider",830
Agua Mineral sin Gas,Agua Mineral sin Gas 1 L,1250
Agua Mineral sin Gas,"Agua Mineral Sin Gas 2,5 L Cachantun",1000
Leche,Leche Natural Entera 1 L Lider,1000
Leche,Leche Semidescremada 1 L Lider,990
Leche,Leche Blanca Entera 1L Colun,1050
Leche,Leche Semidescremada Chocolate 1 L Colun,1590
Leche,Leche Entera Natural 1 L Soprole,1250
Leche,Leche Blanca Descremada Caja 1 L Lider,1000
Leche,Leche Blanca Semidescremada 1L Colun,1050
Leche,Leche Semidescremada Sin Lactosa 1 L Lider...,1150
Leche,Leche en Polvo Entera Bolsa 900grs Colun,6350
Leche,Leche Blanca Descremada 1L Colun,1050
Leche,Leche Blanca Entera 1L Loncoleche,1150
Leche,Leche Blanca Semidescremada 1L Loncoleche...,1150
Leche,Leche Blanca Entera Sin Lactosa 1L Loncoleche...,1390
Leche,Leche Sabor Chocolate Semidescremada 1L Soprole...,1490
Leche,Leche Semidescremada Natural 1 L Soprole,1250
Leche,Leche Semidescremada Frutilla 1 L Colun,1590
Leche,Leche Colación Sabor Chocolate 200ml Colun...,450
Leche,Leche Blanca Semidescremada Sin Lactosa 1L Lonc...,1390
Leche,Leche Colación Sabor Plátano 200ml Loncoleche...,350
Leche,Leche Cappuccino 1L Danone,2550
Leche,Leche Blanca Descremada Natural Sin Lactosa 1L ...,1390
Leche,Leche Blanca Descremada 1L Loncoleche,1150
Leche,Leche Blanca Extra Proteína 1L Loncoleche...,2450
Leche,Leche Sabor Chocolate Sin Lactosa Semidescremad...,510
Leche,Leche Blanca Descremada Sin Lactosa 1 L Lider...,1150
Leche,Leche Sin Lactosa Chocolate 1 L Soprole,1990
Leche,Leche Sin Lactosa Frutilla 200 ml Soprole...,510
Leche,Leche Sabor Chocolate Protein Soprole 200cc...,610
Leche,Leche Entera Natural 200 ml Soprole,490
Leche,Leche Colación Sabor Frutilla Semidescremada 20...,450
Leche,Leche Colación Sabor Chocolate 200ml Nestlé...,610
Leche,Leche Semidescremada Vainilla Caja 200 ml Colun...,450
Leche,Leche Individual Protein Milk sin Lactosa Cappu...,640
Leche,Leche Protein Milk Sin Lactosa Chocolate 200 ml...,640
Leche,Leche Mocaccino 1L Danone,2550
Leche,Leche Sabor Chocolate Semidescremada 1L Loncole...,1950
Leche,Crema de Leche Caja 200ml Colun,1250
Leche,Crema de Leche Caja 200ml Nestlé,1390
Leche,Caja de Leche individual con Bombillín Trencito...,650
Leche,Leche en Polvo Descremada Bolsa 760grs Lonco Le...,5490
Leche,Leche Asada Postre 120grs Soprole,630
Leche,Leche Condensada Tarro 397 g Nestlé,1890
Leche,Leche Descremada Natural 1 L Soprole,1250
Leche,Leche Evaporada Lata. 390 g Ideal,1890
Leche,Leche en Polvo Entera Bolsa 850grs Calo,6090
Leche,Leche Semidescremada Instantánea 760 g Loncolec...,5490
Leche,Leche Sabor Plátano Semidescremada 1L Loncolech...,1950
Leche,Leche Buen Día 300 g Nido,3290
Leche,Leche en Polvo Entera Bolsa 800grs Ula,6790
Leche,Leche Sabor Vainilla Semidescremada 1L Loncolec...,1950
Leche,Leche Sabor Frutilla Semidescremada 1L Loncolec...,1950
Leche,Leche En Polvo Entera 300 g Nido,2000
Leche,Leche en Polvo Semidescremada 700 g Nido,8390
Leche,Leche Cultivada Sabor Frutilla Botella 1L Sopro...,2000
Leche,Leche Cultivada Sabor Chirimoya Botella 1L Sopr...,2000
Leche,Leche en Polvo Entera Instantánea 1350 g Nido...,10250
Leche,Leche en Polvo día Semidescremada 700 g Nido...,5690
Leche,Leche en Polvo Crecer 1+ Bolsa 800grs Calo...,6890
Leche,Leche en Polvo Crecer 1+ Bolsa 1600grs Calo...,13590
Leche,Bebida Láctea 1L Acuenta,890
Leche,Leche en Polvo Semidescremada en Bolsa 850 grs ...,7190
Leche,Leche En Polvo Entera Bolsa 800 g Marca Nido...,9390
Leche,Leche En Polvo Instantánea Etapa 1+ 1350 g Nido...,16190
Leche,Leche En Polvo Entera Instantánea Bolsa 1440 gr...,12490
Leche,Leche en Polvo Forticrece Light Descremada Bols...,11890
Leche,Bebida Láctea Sabor Natural Brick 1 L Surlat...,960
Leche,Crema Lista Sin Lactosa 200 ml Loncoleche...,1190
Leche,Bebida Láctea Sabor Chocolate 1 L Surlat,1290
Leche,"Helado De Leche Sabor Tiramisú, Tres Leches, Ch...",4690
Leche,Dulce de Leche Pote En Línea,3150
Leche,Chocolate Leche 145 g Muibon,2090
Leche,Crema de Leche Caja 200grs Soprole,1290
Leche,Saborizante de Leche Chocolate 160g Milo,1000
Leche,Crema de Leche Caja 1L Colun,4990
Leche,Chocolate De Leche 80 g Milka,1000
Leche,Galletas Donuts Leche 100 g Costa,1090
Leche,Puré de Papas con leche 1Kg Lider,6890
Leche,Chocolate De Leche Barra 150 g Trencito,2990
Leche,Chocolate blanco de leche 55 g Milka,990
Jugo en polvo,Jugo en Polvo Frambuesa 25grs Sprim,280
Jugo en polvo,Jugo en Polvo Naranja 25grs Zuko,260
Jugo en polvo,Jugo en Polvo Melón Tuna 45grs Sprim,280
Jugo en polvo,Jugo en Polvo Sabor Mango Sobre 15 Zuko,250
Papel higiénico,Papel Higiénico Doble Hoja 24 m 4 Un Confort...,1000
Papel higiénico,Papel Higiénico Doble Hoja 22 m 40 Un Confort...,12990
Papel higiénico,Papel Higiénico Doble Hoja 30 M 8 Un Confort...,5290
Papel higiénico,Papel Higiénico Rendiplus Doble Hoja 27M 18 Un ...,9190
Papel higiénico,Papel Higiénico Doble Hoja 22 m 40 Un Noble...,10290
Papel higiénico,Papel Higiénico Rindemax Doble Hoja 22 m,1950
Papel higiénico,Papel Higiénico Doble Hoja 32mts 6 Un Noble...,3590
Papel higiénico,Papel Higiénico Una Hoja XL 100mts 8 Un Lider...,9590
Papel higiénico,Papel Higiénico Familiar Doble Hoja 16 M 6 Un L...,1000
Papel higiénico,Papel Higiénico 1 Hoja 28 Mts 16 Un Acuenta...,4890
Papel higiénico,Papel Higiénico 1 Hoja 28 Mts 8 Un Acuenta...,2790
Papel higiénico,Papel Higiénico Familiar 25 mts Doble Hoja 40 U...,11590
Papel higiénico,Papel Higiénico Ultra Doble Hoja 50 m 12 Un Eli...,11590
Papel higiénico,Papel Higiénico Sensación Doble Hoja 22 m 40 Un...,11050
Papel higiénico,Suavizante Concentrado Esencial 500 ml Comfort...,3190
Papel higiénico,Suavizante Concentrado Hydra Serum 500 ml 500 m...,2990
Papel higiénico,Suavizante Concentrado Cuidado Esencial,2000
Jabón líquido,Jabón Líquido de Afrecho 1L Simond's,4650
Jabón líquido,Jabón Líquido Manzanilla Botella 2L Acuenta...,2250
Jabón líquido,Jabón Líquido Nutriprotect 500 ml Protex,3590
Jabón líquido,Jabón líquido original 250ml 250 ml Dove,2890
Jabón líquido,Jabón Líquido Yoghurt & Vainilla Coco 750 ml Ba...,1000
Jabón líquido,Jabón Líquido Violetas Silvestres 750 ml Marca ...,1000
Jabón líquido,Jabón Líquido Neutro Hipoalergénico Doypack 750...,1000
Jabón líquido,Jabón Líquido Doble Humectación Yoghurt Arándan...,1000
Jabón líquido,Jabón Líquido Aceite De Coco Y Jazmín 750 ml Ba...,1000
Jabón líquido,Jabón Líquido Glicerina Crema Humectante Doypac...,1000
Jabón líquido,Jabón Líquido Yoghurt Y Berries Vainilla Doypac...,1000
Jabón líquido,Jabón Líquido Extra Suave Baby Line Doy Pack Ba...,1890
Jabón líquido,Jabón Líquido Doble Humectación Avena Y Aceite ...,1000
Jabón líquido,Jabón humectante líquido 230ml Elite,2590
Jabón líquido,Jabon Liquido Manzana 2000 ml Klaren,2190
Jabón líquido,Jabón liquido Almendra Naranja PH Neutro 2Litro...,2190
Jabón líquido,Jabón Relax 750 ml Ballerina,1000
Jabón líquido,Jabón Energy 750 ml Ballerina,1000
Jabón líquido,"Jabon De Glicerina Avena Doypack 1500 ml, Belle...",2000
Jabón líquido,Jabon De Glicerina Coco-Vainilla Doypack 1500 m...,2000
Jabón líquido,Jabón De Glicerina Violeta Doypack 1500 ml...,2000
Jabón líquido,Jabón Gel Dermo Care Hygienic Doypack 750ml Sim...,1890
Jabón líquido,Jabón Anti Pomelo 750 ml Ballerina,1950
Jabón líquido,"Jabón Dermo Avena Glicerina Doy Pack 1,5L Simon...",3190
Jabón líquido,"Jabón Dermo Cremoso Glicerina 1,5L Simond's...",3190
Jabón líquido,"Jabón Dermo Almendra Chocolate 1,5L Simond's...",3190
Jabón líquido,El Jabón Crema Hipoalergénico Piel Sensible Doy...,1790
Jabón líquido,Jabón Gel Hygienic Botella 1 L Simond's,2750
Jabón líquido,Jabón Crema Triple Humectación Karité Doypack 7...,1790
Jabón líquido,Jabón De Barra Orquídeas 3 Un 90 g Nivea,3690
Jabón líquido,Jabón Glicerina Jalea Real 750ml Simonds,1890
Jabón líquido,Jabón Avena Karate con Válvula 500ml Familand...,2290
Jabón líquido,Jabón Maqui-Arandano,2250
Jabón líquido,Jabón Agua de Coco 500ml Familand,2250
Jabón líquido,Jabón Gel con Glicerina Avena Doypack 750ml Sim...,1890
Jabón líquido,Jabón Gel con Glicerina Cremoso Doypack 750ml S...,1890
Jabón líquido,Jabón De Barra Milk 3 Un 125 g Nivea,3650
Jabón líquido,Jabón Gel Avena Botella 1L Simond'S,2790
Jabón líquido,Jabón Crema Piel Sensible 800 ml Ballerina...,1990
Jabón líquido,Jabon Energy Dp 1300 ml Ballerina,2690
Jabón líquido,Jabón Glicerina Berries & Vainilla 750 ml Acuen...,1690
Jabón líquido,Jabón Avena Coloidal Simond's 850ML,3090
Jabón líquido,Jabon De Barra Avena 3 un de 90 gr c/u 90 g Niv...,3890
Jabón líquido,"Jabon Jalea Real Propoleo, Familand",2290
Jabón líquido,Jabón Castaña,2290
Jabón líquido,"Jabón Dermo Hygienic Glicerina Doypack 1,5L Sim...",3250
Jabón líquido,Jabón Crema Karite 800 ml Ballerina,1990
Lavalozas,Lavalozas Limón 900 ml Acuenta,1390
Lavalozas,Lavaloza Concentrado Pureza Esencial Con Bio Ac...,2450
Lavalozas,Lavaloza Piel Sensible Con Bio Activos Concentr...,2290
Lavalozas,Lavalozas Limón 1300ml Lider,2650
Lavalozas,Lavalozas Limón Bidón 5L Acuenta,2790
Lavalozas,Lavalozas Limón Botella 2L Acuenta,1290
Lavalozas,Lavalozas Limón Botella 500ml Lider,1750
Lavalozas,Lavalozas Limón Doypack 2L Acuenta,1690
Lavalozas,Lavalozas Limón Botella 750ml Lider,2350
Lavalozas,Lavalozas Ultra Concentrado 300 ml Quix,2650
Lavalozas,Lavalozas Líquido Limón 600 ml Lider,1000
Lavalozas,Lavalozas Líquido Concentrado Limón Citrus Doyp...,1000
Lavalozas,Lavaloza Vinagre Botella 2 L Marca Acuenta...,1390
Lavalozas,Lavaloza Ultra Concentrado Rinde 3X Más 200 ml ...,1000
Lavalozas,Lavaloza Piel Sensible Aloe Vera 500 ml Virutex...,1000
Lavalozas,Lavaloza Limón Con Bio Activos Concentrado 500 ...,2090
Lavalozas,Lavaloza Limón Con Bio Activos Concentrado 750 ...,2990
Lavalozas,Limpiador Lavaloza Limón Con Bio Activos Concen...,1000
Lavalozas,Lavaloza Piel Sensible Con Bio Activos Concentr...,4750
Lavalozas,Lavaloza Pureza Esencial Con Bio Activos Concen...,4850
Lavalozas,Detergente lavavajilla polvo 1kg 1 kg Sun...,7150
Lavalozas,Cif Active Gel Concentrado Limón Verde 300ml Ci...,2050
Esponja,Esponja Suave Pack,2000
Esponja,Esponja Inoxidable con Mango Virutex,2050
Esponja,Esponja Negra 1 Un Lider,1390
Esponja,Esponja Incolora 1 Un Lider,1450
Esponja,Esponja Multiuso Display 4 Un Virutex,1390
Esponja,Esponja de Baño Malla Unidad Vanity,1750
Esponja,Esponja de Baño 1 Un Donnamax,3490
Esponja,Esponja + Paño Pack 1 Un Fibro,3000
Esponja,Esponja Lisa X5 Clásica 5 Un Virutex,1000
Esponja,Esponja Para Calzado Neutro 1 Un Virginia...,2350
Esponja,Esponja + Paño Multiuso Pack 1 Un Fibro,3000
Esponja,Esponja Lisa Pack Conveniente 4 Un Fibro,900
Esponja,Esponja Acanalada Pack Conveniente 3 Un Fibro...,900
Esponja,Esponja Mano Ovalada 1 Un Total Spa,2750
Esponja,Esponja Grande 2 en 1 1 Un Autodrive,1990
Esponja,Pack Esponja 5 Unidades 5 Un Fibro,1000
Esponja,Guantes Conveniente Talla L Virutex,2950
Esponja,Paño Multiuso 6 Un Lider,4790
Esponja,Guantes Conveniente Talla M Virutex,2750
Esponja,Pack 6un Paño Celulosa Lider,4090
Esponja,Paño Sacudir 35cm Lider,1250
Esponja,Guantes Multipropósito Talla M Unidad Fibro...,3890
Esponja,Paño + Guante Pack 1 Un Fibro,3000
Esponja,Guantes Multiuso Conveniente Mediano 1 Un Fibro...,1790
Esponja,Guantes Multiuso Grande 1 Un Fibro,2490
Esponja,Cepillo para Ollas 1 Un Scotch Brite,5990
Esponja,Guantes Conveniente Talla S Virutex,2750
Virutilla,Virutilla Gruesa Mediana Lider,1550
Virutilla,Virutilla Fina Mediana Lider,1990
Virutilla,Virutilla Gruesa 1 Un Lider,2350
Virutilla,Virutilla Fina Para Pisos Mediana Lider,1690
Virutilla,Virutilla Líquida Pisos de Madera Botella 900cc...,3690
Virutilla,Virutilla de Piso Madera sin Vitrificar Grande ...,4490
Virutilla,Esponja Inoxidable con Mango Virutex,2050
Virutilla,Mermelada Frutilla Watt's,950
Virutilla,Yoghito Frutilla 690grs Soprole,2490
Virutilla,Refresco Frutilla 25grs Zuko,260
Virutilla,Gelatina Light Frutilla Lider,590
Virutilla,Tubos Frutilla 80grs Fini,1250
Virutilla,Mermelada de Frutilla 250grs Lider,980
Virutilla,Jugo Nectar Frutilla 1750ml Frugo,2250
Virutilla,Gelatina Sabor Frutilla 100grs Lider,740
Virutilla,Mermelada de Frutilla 400grs Watts,2150
Virutilla,Galleta Emparedado Frutilla 150grs Ecovida...,1390
Virutilla,Tubos Frutilla Ácida 80grs Fini,1250
Virutilla,Gelatina Frutilla 50 g Caricia,850
Virutilla,Pino Aromatizante Frutilla Little Trees,1490
Virutilla,Leche Semidescremada Frutilla 1 L Colun,1590
Virutilla,Yoghurt Batido Sabor Frutilla 110grs Acuenta...,170
Virutilla,Jugo Sabor Tutti Frutilla 2L Acuenta,1190
Virutilla,Cereal Infantil Sabor Frutilla 250grs Nestum...,2750
Virutilla,Mermelada Frutilla 250 g Los Lagos,790
Virutilla,Leche Sabor Frutilla Semidescremada 1L Loncolec...,1950
Virutilla,Desodorante Ambiental Frutilla Crema 225ml Arom...,1790
Virutilla,Loop Cintas Frutilla 67 g Ambrosoli,1000
Virutilla,Yoghurt Batido Sabor Frutilla Bolsa 1L Colun...,1550
Virutilla,Yoghurt Batido Sabor Frutilla 120 g Lider...,220
Virutilla,Leche Colación Sabor Frutilla Semidescremada 20...,450
Virutilla,Galletas Gretel Yoghurt Frutilla 85 g Costa...,1000
Virutilla,Yoghurt Sin Lactosa Frutilla 120 g Soprole...,350
Virutilla,Leche Cultivada Sabor Frutilla Botella 1L Sopro...,2000
Virutilla,Yoghurt Batifrut Trozos Frutilla 165 g Soprole...,650
Virutilla,Yoghurt Batido Sabor Frutilla Botella 1L Soprol...,2390
Virutilla,Yoghurt Griego Sabor Frutilla Pote 110grs Oikos...,350
Virutilla,Yoghurt Sabor Frutilla 140 grs Goodnes Nestlé...,520
Virutilla,"Néctar Multi-Frutilla 1,5 L Del Valle",1590
Virutilla,Leche Sin Lactosa Frutilla 200 ml Soprole...,510
Virutilla,Galletas rellenas sabor frutilla 69 g Acuenta...,390
Virutilla,Yoghurt Batido Light Sabor Frutilla Pote 125grs...,290
Virutilla,Yoghurt Probiótico Sabor Frutilla Tetra 90 ml C...,330
Virutilla,Bolsa Bon O Bon Frutilla 90 g Arcor,1000
Virutilla,Saborizante En Polvo Nesquik Frutilla 170 g Nes...,1000
Virutilla,Saborizante de Leche Sabor Frutilla Bolsa 500gr...,2990
Virutilla,Pack 12 Probiótico Sabor Frutilla Chamyto (80ml...,4490
Virutilla,Mermelada de Frutilla con Stevia Bolsa 200grs E...,1190
Virutilla,Yoghurt Batido Light Sin Lactosa Sabor Frutilla...,350
Virutilla,Pack Probiótico Sabor Frutilla 90ml c/u 6 Un Ca...,2390
Virutilla,"Helado de Leche Cassata Sabor Chocolate, Vainil...",4690
Virutilla,Yogurt Sabor Vainilla y frutilla Pack 8 Un 720 ...,1590
Virutilla,Yoghurt Batido Sin Azucar Sabor Frutilla Pote ...,320
Virutilla,Huevitos de Chocolate Relleno con Frutilla Band...,3290
Virutilla,Probiótico Uno Vitamina C Frutilla Pack 6 Botel...,2000
Virutilla,Nectar multi-frutilla 0% Azúcar añadida botella...,1590
Virutilla,Yoghurt Protein + con Trozos Sabor Frutilla y A...,750
Virutilla,Vino Tinto Frutilla 8° Receta Artesanal Botella...,4490
Virutilla,Vino Tinto Selección Dulce Borgoña Frutilla 8º ...,4890
Virutilla,Pack Probióticos Defensas Sabor Frutilla 12 Un ...,3690
Virutilla,Yoghurt Griego Colchón de Frutas con Trozos de ...,720
Virutilla,Cera Crema Caoba 420cc Acuenta,1050
Virutilla,Cera Crema Tierra Color 480 ml Brillina,2990
Virutilla,Abrillantador para piso Flotante Lavanda 900ml ...,4690
Virutilla,Cera Autobrillo Incolora Botella 900ml Virginia...,3250
Virutilla,Cera Líquida Autobrillo Incolora Doy Pack 400 m...,1790
Virutilla,"Cera Liquida color rojo brillo fácil, 2 Litros,...",2690
Virutilla,Cera Crema Tierra de Color 420cc Acuenta,1050
Virutilla,Cera Crema Roja Brillina Bolsa 360 g Brillina...,2050
Virutilla,"Cera Liquida incolora brillo fácil, 2 Litros, A...",3490
Virutilla,Cera Autobrillo Roja Virginia Botella 900ml Vir...,3250
Virutilla,Cera Crema Roja 480 ml Brillina,2990
Virutilla,Cera Crema Natural Display 300cc Acuenta,1050
Virutilla,Cera Crema Incolora 420cc Acuenta,1050
Virutilla,Cera Crema Incolora 480 ml Brillina,3050
Virutilla,Abrillantador Piso Flotante Aroma Lavanda 900ml...,4390
Virutilla,Cera Crema Amarilla 480 ml Brillina,3050
Shampoo,Shampoo sin Sal Granada Doypack 750ml Ballerina...,1290
Shampoo,Shampoo Finas Hierbas,1000
Shampoo,Shampoo Natural Manzanilla Doypack 750 ml Marca...,1290
Shampoo,Shampoo Largo Increible 750 ml Ballerina,1290
Shampoo,Shampoo Glycolic Gloss 370 ml Elvive,3000
Shampoo,Shampoo Reparador Reparación Total 5 Botella 37...,3000
Shampoo,Acondicionador Glycolic Gloss,3000
Shampoo,Shampoo Manzanilla Doypack,2000
Shampoo,Shampoo Adiós Esponjado,3000
Shampoo,Shampoo Largo Increible 750ml Ballerina,1990
Shampoo,Shampoo Manzanilla Camomilla 700ml Babyland...,3290
Shampoo,Shampoo Cherry Cerezo 750ml Familand,1990
Shampoo,Shampoo Manzanilla Botella 750ml Ballerina...,1990
Shampoo,Shampoo Rizos Definidos 340ml Sedal,2550
Shampoo,Shampoo Propóleo Miel 750ml Familand,1990
Shampoo,Shampoo Manzanilla 900 ml Kadus,1390
Shampoo,Shampoo Luminous 340 ml Sedal,3290
Shampoo,Shampoo Lamelar 1 ml Tresemmé,3000
Shampoo,Shampoo Almendras Doypack 900 ml Kadus,1350
Shampoo,Shampoo Manzana Doypack 900 ml Kadus,1350
Shampoo,Shampoo Miel Doypack 900 ml Kadus,1350
Shampoo,Shampoo Sin Sal Coco 750ml Ballerina,1950
Shampoo,Shampoo Rizos Obedientes 400ml Baby Lee,2490
Shampoo,Shampoo Moringa Sin Sal 750ml Familand,1990
Shampoo,Shampoo Bio Manzanilla Botella 750ml Familand...,1990
Shampoo,Shampoo Detox Hierbas 750 ml Ballerina,1950
Shampoo,Shampoo Repara Hidrata 750 ml Ballerina,1950
Shampoo,Shampoo restauración instantánea 340ml Marca Se...,2550
Shampoo,Shampoo Vainilla Coco Doypack 900 ml Kadus...,1350
Shampoo,Shampoo Hidra Hialuronico 370 ml Elvive,4690
Shampoo,Shampoo Hialurónico Pure 370 ml Elvive,5090
Shampoo,Shampoo Repara Hidrata 750 ml Ballerina,1290
Shampoo,Shampoo Finas Hierbas Doypack 900 ml Kadus...,1350
Shampoo,Shampoo Gotas de Brillo 400ml Johnson's Baby...,3490
Shampoo,Shampoo Anti-Comezón 375 ml Head & Shoulders...,5050
Shampoo,Shampoo Aroma Manzanilla Camomilla Botella 610c...,3890
Shampoo,Shampoo Brillitos Magicos 400 ml Baby Lee...,2490
Shampoo,Shampoo sin Sal Granada Botella 750ml Ballerina...,1990
Shampoo,Shampoo Pro-V Restauración 400 ml Pantene...,4950
Shampoo,Shampoo Bambú Cannabis Anti Oxidante 750ml Fami...,1990
Shampoo,Shampoo Frescura Vitaminada Botella 350 ml Fruc...,3000
Shampoo,Shampoo + Acondicionador Keratina Pack 510 ml P...,14290
Shampoo,Shampoo Manzana Papaya Bio 750 ml Familand...,1990
Shampoo,Shampoo Neutro Cabellos Delicados Botella 410ml...,2290
Shampoo,Shampoo Manzanilla Camomilla Botella 410 ml Bab...,2290
Shampoo,Shampoo Detox Hierbas Silvestres 750 ml Balleri...,1290
Shampoo,Shampoo Brillitos De Argán Botella 400 ml Simon...,3250
Shampoo,Shampoo Fuerza y Cuidado Frasco 750 ml Ballerin...,1890
Shampoo,Shampoo Purificación Capilar Carbón Activado 37...,4990
Shampoo,Shampoo Coco Argán con Óleo Micelar 750ml Famil...,1990
Shampoo,Shampoo Detox Carbón Activado y Menta 750 ml Ba...,1990
Shampoo,Shampoo Manzanilla Doypack 750 ml Marca Baby Le...,1990
Shampoo,Shampoo Smooth Rose Hips 865 ml Herbal Essences...,9390
Shampoo,Shampoo Fortificante Anticaspa Graso Botella 35...,5050
Shampoo,Shampoo Classic Shine Chamomile 865 ml Herbal E...,9390
Shampoo,Shampoo Detox Carbón Activado y Menta 750 ml Ba...,1290
Shampoo,Shampoo sin Sal Palta y Almendra Doypack 750ml ...,1290
Shampoo,Shampoo Bio Granada - Uva Sin Sal Botella 750ml...,1990
Shampoo,Shampoo Natural Hipoalergénico Doy Pack 750 ml ...,1550
Shampoo,Shampoo Arándano Uvaterapia sin Sal Botella 750...,1990
Shampoo,Shampoo 2 en 1 Baby Wash 1 L Parent's Choice...,6550
Shampoo,Shampoo Anticaída+ Pantene Biotinamina B3 Para ...,4950
Shampoo,"Shampoo Anti-Resequedad Nutrición Diaria, Miel ...",5990
Shampoo,Shampoo Manzana Fresh 2 Pack De 375 ml C/U 2 Un...,8090
Shampoo,Tripack Silicona Cera Shampoo Unidad Team...,9990
Shampoo,Set Shampoo Niño Disney 250 ml Gelatti,5890
Shampoo,Pack 2 Shampoo Anti-caspa 350 ml Fructis,6690
Shampoo,Pack Shampoo + Acondicionador Reparación Total ...,7950
Shampoo,Pack Shampoo + Acondicionador Oil Repair 3 350 ...,7090
Shampoo,Pack Fructis 2 Shampoo Anticaspa Normal 350ml M...,6990
Shampoo,Pack Bambú Shampoo + Acondicionador 2 Un 400 ml...,6790
Shampoo,Pack Shampoo Limpieza Renovadora 375ml c/u 2 Un...,6000
Shampoo,Pack shampoo y acondicionador detox capilar 400...,6790
Shampoo,Acondicionador Arándano Uvaterapia sin Sal Bote...,1990
Shampoo,Acondicionador Baby con Argán Simond's 270ML...,1000
Shampoo,Acondicionador Brillitos Mágicos Baby Lee 250ML...,1000
Shampoo,Acondicionador Rizos y Risas 250 ml Baby Lee...,1000
Shampoo,Bálsamo Aroma Infinito 250 ml Baby Lee,1000
Shampoo,Acondicionador Manzanilla 270 ml Simonds Smile...,1000
Shampoo,Acondicionador Natural para Niños Manzanilla Bo...,3890
Shampoo,Bálsamo Acondicionador para niños gotas de bril...,3490
Shampoo,Bálsamo Acondicionador Brillitos De Argán 400 m...,3250
Shampoo,Bálsamo Acondicionador Camomilla 400ml Simond's...,3050
Shampoo,Acondicionador Manzanilla Doypack 750 ml Marca ...,1990
Shampoo,Acondicionador Brillitos Mágicos Baby Lee 400ML...,2490
Shampoo,Bálsamo Acondicionador Manzanilla Cabellos Clar...,2290
Shampoo,Acondicionador Rizos Obedientes 400ml Baby Lee...,2490
Acondicionador,Acondicionador Almendras Doypack 900 ml Kadus...,1350
Acondicionador,Acondicionador Rosado Doypack 900 ml Kadus...,1350
Acondicionador,Acondicionador Miel Doypack 900 ml Kadus,1350
Acondicionador,Acondicionador Largo Increible 900 ml Ballerina...,1290
Acondicionador,Acondicionador Vainilla Coco Doypack 900 ml Kad...,1350
Acondicionador,Acondicionador sin Sal Palta y Almendra Doypack...,1290
Acondicionador,Acondicionador Manzanilla,1000
Acondicionador,Acondicionador Glycolic Gloss,3000
Acondicionador,Acondicionador Largo Increible 750ml Ballerina...,1990
Acondicionador,Acondicionador Coco Jazmín 750ml Ballerina...,1950
Acondicionador,Acondicionador Manzanilla Botella 750ml Balleri...,1990
Acondicionador,Acondicionador Rizos Definidos 340ml Sedal...,2550
Acondicionador,Acondicionador Luminous 340 ml Sedal,3290
Acondicionador,Acondicionador Natural Manzanilla Doypack 900ml...,1290
Acondicionador,Acondicionador Manzanilla 270 ml Simonds Smile...,1000
Acondicionador,Acondicionador Brillitos Mágicos Baby Lee 400ML...,2490
Acondicionador,Acondicionador Sin Sal Granada 750ml Ballerina...,1950
Acondicionador,Acondicionador Repara Hidrata 751 ml Ballerina...,1950
Acondicionador,Acondicionador Detox Hierbas 750 ml Ballerina...,1950
Acondicionador,Acondicionador Frescura Vitaminada 350 ml Fruct...,3000
Acondicionador,Acondicionador Granada Uvaterapia Botella 750ml...,1990
Acondicionador,Acondicionador Moringa Sin Sal 750ml Familand...,1990
Acondicionador,Acondicionador Repara Hidrata 752 ml Ballerina...,1290
Acondicionador,Acondicionador Baby con Argán Simond's 270ML...,1000
Acondicionador,Acondicionador Brillitos Mágicos Baby Lee 250ML...,1000
Acondicionador,Acondicionador Rizos Obedientes 400ml Baby Lee...,2490
Acondicionador,Acondicionador Brillo Lamelar 500 ml Tresemmé...,3000
Acondicionador,Acondicionador Keratina Antifrizz 1 ml Tresemmé...,3000
Acondicionador,Acondicionador Hialurónico Pure 370 ml Elvive...,5090
Acondicionador,Acondicionador Hidra Hialuronico 370 ml Elvive...,4690
Acondicionador,Acondicionador Adiós Esponjado 350 ml Fructis...,3000
Acondicionador,Acondicionador Finas Hierbas Doypack 900 ml Kad...,1350
Acondicionador,Acondicionador Bambu Cannabis Anti Oxidante 750...,2150
Acondicionador,Acondicionador Cerezo Cherry Antiox Micelar 750...,1990
Acondicionador,Acondicionador restauración instantánea 340ml 3...,2550
Acondicionador,Acondicionador Pro-V Restauración 400 ml Panten...,4950
Acondicionador,Acondicionador Antiquiebre Biotinamina B3 250 m...,5990
Acondicionador,Acondicionador Manzana Papaya Bio 750 ml Famila...,1990
Acondicionador,Acondicionador Natural para Niños Manzanilla Bo...,3890
Acondicionador,Acondicionador Ondas y Rizos Controlados 900 ml...,1290
Acondicionador,Acondicionador Fuerza y Cuidado Doypack 750 ml ...,1850
Acondicionador,Acondicionador Fuerza Y Cuidado Frasco 750 ml B...,1890
Acondicionador,Acondicionador Rizos y Risas 250 ml Baby Lee...,1000
Acondicionador,Acondicionador Coco Argán con Óleo Micelar 750m...,1990
Acondicionador,Acondicionador Reparación Total 5 Botella 370 m...,3000
Acondicionador,Acondicionador Detox Hierbas Silvestres 900 ml ...,1290
Acondicionador,Acondicionador Manzanilla Doypack 750 ml Marca ...,1990
Acondicionador,Acondicionador Detox Carbón Activado y Menta 75...,1950
Acondicionador,Acondicionador Detox Carbón Activado y Menta 75...,1290
Acondicionador,Acondicionador Arándano Uvaterapia sin Sal Bote...,1990
Acondicionador,Balsamo Acondicionador Manzanilla,2000
Acondicionador,Bálsamo Acondicionador Camomilla 400ml Simond's...,3050
Acondicionador,Bálsamo Acondicionador Brillitos De Argán 400 m...,3250
Acondicionador,Bálsamo Acondicionador Manzanilla Cabellos Clar...,2290
Acondicionador,Bio -Acondicionador Propóleo Botella Familand 7...,1990
Acondicionador,Bálsamo Acondicionador para niños gotas de bril...,3490
Acondicionador,Shampoo + Acondicionador Keratina Pack 510 ml P...,14290
Acondicionador,Pack Shampoo + Acondicionador Reparación Total ...,7950
Acondicionador,Pack Shampoo + Acondicionador Oil Repair 3 350 ...,7090
Acondicionador,Pack Bambú Shampoo + Acondicionador 2 Un 400 ml...,6790
Acondicionador,Pack shampoo y acondicionador detox capilar 400...,6790
Acondicionador,Balsamo Kadus Finas Hierbas,1000
Acondicionador,Bálsamo Aroma Infinito 250 ml Baby Lee,1000
Acondicionador,Bio Acondicinador Camomilla Manzanilla Botella ...,1990
Acondicionador,Shampoo Aroma Manzanilla Camomilla Botella 610c...,3890
Acondicionador,Shampoo Brillitos De Argán Botella 400 ml Simon...,3250
Acondicionador,Shampoo Gotas de Brillo 400ml Johnson's Baby...,3490
Acondicionador,Shampoo Manzanilla Camomilla 700ml Babyland...,3290
Acondicionador,Shampoo 2 en 1 Baby Wash 1 L Parent's Choice...,6550
Acondicionador,Shampoo Brillitos Magicos 400 ml Baby Lee...,2490
Acondicionador,Shampoo Manzanilla Doypack 750 ml Marca Baby Le...,1990
Acondicionador,Shampoo Neutro Cabellos Delicados Botella 410ml...,2290
Acondicionador,Shampoo Manzanilla Camomilla Botella 410 ml Bab...,2290
Acondicionador,Shampoo Natural Hipoalergénico Doy Pack 750 ml ...,1550
Acondicionador,Shampoo Rizos Obedientes 400ml Baby Lee,2490
Bolsa de basura,Bolsa de Basura 80x110cms 10 Un Virutex,1490
Bolsa de basura,Bolsa de Basura 50x70cms 10 Un Lider,600
Bolsa de basura,Bolsa de Basura Pequeña 50x70 cm 10 Un Superior...,620
Bolsa de basura,Bolsa de Basura Grande Económica 80x110 cm 10 U...,1550
Bolsa de basura,Bolsa de Basura Grande Económica 110x120 cm 5 U...,6190
Bolsa de basura,"Bolsa de Basura 70 x 90 cm Mediana 10 Un, Lider...",1090
Bolsa de basura,Bolsa Multiuso 20x30 100 Un Acuenta,990
Bolsa de basura,Bolsa con Cierre 16X14 cm 1 Un La Facilita...,1390
Bolsa de basura,Bolsa Multiuso 35x50 100 Un Acuenta,2650
Bolsa de basura,Papel Aluminio 4 Mtr 1 Un Eurofoil,900
Bolsa de basura,Bolsa Grande con Cierre 15 Un Great Value...,4090
Bolsa de basura,Film Pvc 15 Mtr 1 Un Europlas,900
Bolsa de basura,Bolsas Hermeticas Mediana 50 Un Europlas,3000
Bolsa de basura,Bolsa Mediana con Cierre 20 Un Great Value...,2690
Bolsa de basura,"Pack Bolsa Hermetica 3 Tamaños 30 Un, Ilko...",2790
Bolsa de basura,Bolsas Herméticas Multiuso Mediana 20 Un Ziploc...,5590
Bolsa de basura,Bolsa Durabag Azul Otras Marcas,790
Bolsa de basura,Bolsas Herméticas Multiuso Grande 15 Un Ziploc...,6090
Bolsa de basura,Bolsa para Sandwich 50 Un Great Value,2790
Bolsa de basura,Bolsas Doble Cierre Para Conservar Grande 10 Un...,2350
Bolsa de basura,Bolsa de Mano Reutilizable Modelo Chile,250
Cloro,Cloro Concentrado 1L Clorinda,1190
Cloro,Cloro Clorinda Tradicional (Botella) 4 Kg Clori...,3790
Cloro,Cloro Tradicional Blanco Concentrado 2Kg Acuent...,1290
Cloro,Cloro Concentrado 4L Clorox,3990
Cloro,Cloro Concentrado 4 kg Lider,2990
Cloro,Cloro 4L Lider,3690
Cloro,Cloro 2L Lider,1790
Cloro,Cloro Concentrado 2L Lider,1850
Cloro,Cloro Concentrado 2L Clorox,2250
Cloro,"Cloro Ropa Blanca 1,9L Clorox",2790
Cloro,Cloro Anti-Splash Clorox 1900ML,2790
Cloro,Cloro Anti-Splash 950grs Clorox,1450
Cloro,Cloro Ropa Colores Vivos 960grs Clorox,3090
Cloro,Cloro Ropa Blancos Intensos 960grs Clorox...,1950
Cloro,Cloro Ropa Blanco Supremo Sin Cloro Doy Pack 30...,1000
Cloro,Cloro En Gel Original 900 ml Clorox,1990
Cloro,Cloro En Gel Olor Menta 900 ml Clorox,1990
Cloro,Cloro Concentrado 1L Lider,1000
Cloro,Cloro Botella 1L Lider,1090
Cloro,Cloro Gel tradicional 900ml Lider,1000
Cloro,"Cloro Aroma Lavanda 1,9L Lider",2090
Cloro,"Cloro Aroma Limón 1,9L Lider",2090
Cloro,Cloro Gel Aroma Lavanda 900ml Lider,1000
Cloro,Cloro Gel Aroma Floral 900ml Lider,1000
Cloro,Cloro Gel Botella 900 ml Clorinda,1750
Cloro,Cloro Gel Aroma Limón 900ml Lider,1000
Cloro,Cloro Tradicional Blanco Concentrado 1Kg Acuent...,850
Cloro,Cloro Aroma Lavanda Botella Clorinda 1900ML...,2090
Cloro,Cloro Aroma Limón Botella Clorinda 1900ML...,2090
Cloro,Cloro Aroma Lavanda Botella 950ml Clorinda...,1490
Cloro,Cloro Aroma Limón Botella Clorinda 950ML,1490
Cloro,Cloro Gel Lavanda Botella 900 g Clorinda,1850
Cloro,Cloro Gel Menta Botella 900 ml Clorinda,1750
Cloro,Limpiador Crema Cloro 750ml Lider,2050
Cloro,Clorogel Original Doypack 650 ml Clorox,1000
Cloro,Quita Manchas Líquido Ropa Blanca y Color Sin C...,2990
Cloro,Limpiador Antihongos Doypack 900 ml Clorox...,2990
Cloro,Limpiador Líquido Antihongos Botella 500 ml Clo...,3190
Cloro,Quitamanchas Colores Vivos Doypack 300 ml Cloro...,1000
Cloro,Tintura Coloración Cabello 8.1 Rubio Claro Ceni...,2950
Cloro,Tintura Coloración Permanente 8.0 Rubio Claro (...,2950
Cloro,Tintura Coloración Permanente 5.0 Castaño Claro...,2950
Cloro,Tintura Coloración Cabello 9/0 Rubio Extra Clar...,2950
Cloro,Tintura Coloración Cabello 5.0 Castaño Claro Co...,3250
Cloro,Tintura Coloración Cabello 8.1 Rubio Claro Ceni...,3250
Cloro,Tintura Coloración Cabello 8.0 Rubio Claro Cor ...,3250
Cloro,Tintura Coloración Cabello 5.3 Castaño Claro Do...,2990
Cloro,Vanish Ropa Color 300 ml,1000
Cloro,Vanish Ropa Blanca 300 ml,1000
Cloro,Vanish Ropa Color 100 gr Vanish,1000
Cloro,Vanish Ropa Blanca 100 gr Vanish,1000
Cloro,Líquido Pre-Lavado Ropa Botella 2L Acuenta...,3190
Cloro,Poett Perfumante de Telas Fraganza Sedosa Prima...,3290
Cloro,Quitamancha Líquido rosa 800ml Vanish,2950
Cloro,Desmanchador Ropa Color 960grs Lider,2550
Cloro,Quitamanchas Vanish Líquido Blanco Doypack 800 ...,2950
Cloro,Plancha Facil 500 ml Lider,2150
Cloro,Quitamancha Líquido rosa 450ml Vanish,1890
Cloro,Quitamanchas Polvo Blanco Repuesto 450grs Vanis...,6590
Cloro,Limpiador Multiespacios Aroma Armonía 1800ml Li...,1900
Cloro,Quitamanchas Polvo Blanco Repuesto Vanish 120 g...,2090
Cloro,Quitamancha Líquido blanco 450ml Vanish,1890
Toalla de Papel,Toalla de Papel XL 100mts Acuenta,2790
Toalla de Papel,Toalla de Papel Mini Abolengo Abolengo,1250
Toalla de Papel,Toalla De Papel XL Buen Rollo,6490
Toalla de Papel,Toalla de Papel Doble Hoja 10mts 3 Un Acuenta...,1090
Toalla de Papel,Toalla de Papel clásica 12mts 3 Un Lider,1490
Toalla de Papel,Toalla de Papel XL Doble Hoja 100 m 1 Un Abolen...,2990
Toalla de Papel,Toalla de Papel Doble Hoja 100 m 1 Un Nova...,4290
Toalla de Papel,Toalla de Papel Multiuso 2 Un (22 mts c/u) Favo...,2000
Toalla de Papel,Toalla de Papel Clásica Doble Hoja 14 m 2 Un No...,1000
Toalla de Papel,Toalla de Papel Clásica Doble Hoja 12 m 3 Un No...,1550
Toalla de Papel,Toalla de Papel Gigante Doble Hoja 70 m 1 Un No...,2990
Toalla de Papel,Toalla de Papel Ultra Absorbente Triple Hoja 20...,2700
Toalla de Papel,Toalla de Papel Ultra Megarollo Doble Hoja 26 m...,2650
Servilleta,Servilleta Cóctel 250u Acuenta,1290
Servilleta,Servilleta Cocktail Unidad Lider,480
Servilleta,Servilleta Cóctel 150 Un Nova,1050
Servilleta,Servilleta Cóctel 220 Un Elite,2350
Servilleta,Servilleta Cóctel 80 Un Acuenta,410
Servilleta,Servilleta Nova Mesa x200 Nova,2790
Servilleta,Servilleta Mesa Blanca Marca Lider,2590
Servilleta,Servilletas Cóctel Una Hoja 23X24 Cm 180 Un Lid...,1000
Detergente,Detergente Líquido 5L Acuenta,2990
Detergente,Detergente Líquido Doypack 450 ml Omo,1000
Detergente,"Detergente Polvo Lirios Y Rosas 6,5 kg Rinso...",14490
Detergente,Detergente Liquido Floral,1000
Detergente,"Detergente en Polvo Bosque Nativo Bolsa 4,5 kg ...",10790
Detergente,DETERGENTE ARIEL 700ML,2000
Detergente,Detergente En Polvo Aroma Floral 7 kg Acuenta...,7990
Detergente,Detergente Líquido Forte Display 3 l Fuzol...,4950
Detergente,Detergente Polvo Jazmín y Violetas 450 g Rinso...,1000
Detergente,Detergente Líquido Doypack Hipoalergénico Bebé ...,14450
Detergente,Detergente Flores Silvestres,2000
Detergente,Detergente Hipoalergénico 1L Popeye,5390
Detergente,Detergente Liquido 2 L Acuenta,1390
Detergente,Detergente Líquido Frescura Andina Botella...,2000
Detergente,Detergente Forte 600 ml Fuzol,1000
Detergente,Detergente Liquido Floral 3 L,6190
Detergente,Detergente Liquido Para Diluir 500 ml Rinso...,3000
Detergente,Detergente Liquido Floral 3 L Lider,6190
Detergente,Detergente lavavajilla polvo 1kg 1 kg Sun...,7150
Detergente,Detergente En Polvo Aroma Floral 600 g Lider...,1490
Detergente,Detergente En Polvo Aroma Floral 1 kg Lider...,1990
Detergente,Detergente En Polvo Doble Poder 700 g Ariel...,2250
Detergente,Detergente En Polvo Aroma Floral 7 kg Lider...,12290
Detergente,Detergente Líquido Lirios Y Rosas 3 L Rinso...,8590
Detergente,Detergente Líquido Ultra Power Botella 3 L Omo...,14850
Detergente,Detergente Líquido Bio-Enzimas Doypack 3 L Driv...,16190
Detergente,"Detergente En Polvo Flores De Primavera 1,5 Kg ...",2000
Detergente,Detergente En Polvo Matic Ultra Power 800 g Omo...,2000
Detergente,Detergente Líquido Higienizante Frescura Floral...,6990
Detergente,Detergente Líquido Higienizante Pack 2 Botella ...,10590
Detergente,"Detergente Liquido Lirios Y Rosas Dp 3Lt 6 L, R...",12850
Detergente,Detergente en Polvo Hortensias y Flores Blancas...,2790
Detergente,Detergente Líquido Ultra Power Aloe Vera Botell...,14290
Detergente,Detergente Ultra Power Líquido Piel Sensible Do...,3990
Detergente,Detergente Líquido Piel Sensible Ultra Power Pa...,6990
Detergente,Pack Detergente + Suavizante 3.5L c/u Fuzol...,11650
Detergente,Pack 2un Detergente Pack Forte 3Litros c/u Fuzo...,10290
