search,acuenta,eltit,eltrebol,jumbo,santaisabel,unimarc,price_acuenta,pre_discount_acuenta,price_eltit,pre_discount_eltit,price_eltrebol,pre_discount_eltrebol,price_jumbo,pre_discount_jumbo,price_santaisabel,pre_discount_santaisabel,price_unimarc,pre_discount_unimarc
arroz,Arroz Grado 2 Bolsa 1Kg Tucapel,Arroz Pregraneado Tucapel 1Kg,Tucapel Arroz Tucapel Pregraneado G°1 kg,Tucapel Arroz Grado 2 Tucapel Gran Selección Grano Largo y Ancho 1 kg,Tucapel Arroz Grado 2 Tucapel Blue Grano Largo y Delgado 1 kg,Arroz tucapel pregraneado 1 kg,1950.0,1950.0,2199.0,2199.0,2190.0,2190.0,1690.0,2150.0,1790.0,1790.0,2120.0,2830.0
arroz,Arroz Preparado Chaufán Bolsa 210grs Tucapel...,Arroz Especial Preparado Chaufán Miraflores 210Gr,Tucapel Arroz Tucapel Chaufán 210 gr,Miraflores Arroz Preparado Miraflores Chaufan 210 g,Miraflores Arroz Preparado Miraflores Chaufan 210 g,Arroz preparado miraflores chaufán 210 g,950.0,950.0,1290.0,1290.0,949.0,949.0,1170.0,1170.0,1150.0,1150.0,807.0,1210.0
arroz,Arroz Preparado Primavera Bolsa 210grs Tucapel...,Arroz Especial Preparado Paella Miraflores 210Gr,Tucapel Arroz Tucapel Primavera 210 gr,Miraflores Arroz Preparado Primavera 210 g,Miraflores Arroz Preparado Primavera 210 g,Arroz preparado miraflores primavera 210 g,950.0,950.0,1290.0,1290.0,999.0,999.0,1170.0,1170.0,1150.0,1150.0,807.0,1210.0
arroz,Sopa Pollo Arroz 70 g Gourmet,Sopa Pollo con Fideos Gourmet 70gr,Gourmet Sopa Gourmet Pollo Fideos 70 Grs,Gourmet Sopa Gourmet Tradicional de Pollo con Arroz 70 g,Gourmet Sopa Gourmet Tradicional de Pollo con Arroz 70 g,Sopa de pollo con fideos gourmet sobre 70 g,560.0,560.0,550.0,550.0,549.0,549.0,590.0,590.0,590.0,590.0,650.0,650.0
arroz,Sopa Sabor Pollo Con Arroz 70 g Maggi,Sopa Sabor Pollo con Arroz Maggi 70Gr,Maggi Sopa Maggi Pollo Arroz 70Grs,Maggi Sopa Maggi Sabor Pollo con Arroz 70 g,Maggi Sopa Maggi Sabor Pollo con Arroz 70 g,Sopa maggi sabor pollo con arroz sobre 70 g,550.0,550.0,599.0,599.0,599.0,849.0,620.0,620.0,610.0,610.0,448.0,590.0
arroz,Arroz Grado 2 Bolsa 1Kg Tucapel,Arroz Pregraneado Tucapel 1Kg,Tucapel Arroz Tucapel Pregraneado G°1 kg,Tucapel Arroz Grado 2 Tucapel Gran Selección Grano Largo y Ancho 1 kg,Tucapel Arroz Grado 2 Tucapel Blue Grano Largo y Delgado 1 kg,Arroz tucapel pregraneado 1 kg,1418.0,1890.0,2199.0,2199.0,2190.0,2190.0,1690.0,2150.0,1790.0,1790.0,2120.0,2830.0
sal,Sal Parrillera 750grs Lider,Sal Parillera Salero Lobos 750Gr,Sal Lobos Sal Lobos Parrillera 750 gr,Cuisine & Co Sal Parrillera 750 g,Cuisine & Co Sal Parrillera 750 g,Sal parrillera lobos 750 g,1350.0,1350.0,1399.0,1399.0,1590.0,1590.0,1390.0,1390.0,1370.0,1370.0,1650.0,1650.0
sal,Mantequilla Con Sal 250 g Calo,Mantequilla Con Sal De Mar Soprole 250 Gr,Calo Mantequilla Calo Pan 250 gr,Calo Mantequilla Calo Con Sal 250 g,Calo Mantequilla Calo Con Sal 250 g,Mantequilla calo con sal pan 250 g,2950.0,2950.0,3090.0,3090.0,3290.0,3290.0,3179.0,3179.0,3149.0,3149.0,2490.0,2990.0
sal,Mantequilla Con Sal 250 g Soprole,Mantequilla Con Sal De Mar Soprole 250 Gr,Soprole Mantequilla Soprole Sal De Mar 250 Gr,Soprole Mantequilla Soprole Con Sal 250 g,Soprole Mantequilla Soprole Con Sal 250 g,Mantequilla soprole con sal 250 g,2950.0,2950.0,3090.0,3090.0,3190.0,3190.0,2690.0,3099.0,2690.0,3049.0,2950.0,2950.0
sal,Mantequilla con Sal 250grs Los Alerces,Mantequilla Los Alerces 250Gr,Los Alerces Mantequilla Los Alerces Pan 250 Gr,Los Alerces Mantequilla Los Alerces Con Sal 250 g,Los Alerces Mantequilla Los Alerces Con Sal 250 g,Mantequilla fundo los alerces con sal pan 250 g,2890.0,2890.0,2990.0,2990.0,2990.0,2990.0,3539.0,3539.0,3489.0,3489.0,3290.0,3610.0
sal,Mantequilla Sin Sal Pan 250grs Soprole,Mantequilla Sin Sal Soprole 250Gr,Soprole Mantequilla Soprole Pan S/Sal 250 Gr,Soprole Mantequilla Soprole Sin Sal 250 g,Soprole Mantequilla Soprole Sin Sal 250 g,Mantequilla soprole sin sal 250 g,2690.0,2690.0,3090.0,3090.0,3190.0,3190.0,3399.0,3399.0,3339.0,3339.0,3190.0,3740.0
azúcar,Azúcar Granulada 1Kg Lider,Azúcar Blanca Granulada Iansa 1Kg,Iansa Azúcar blanca granulada Iansa 1 kg,Cuisine & Co Azúcar Cuisine & Co Blanca Granulada 1 kg,Cuisine & Co Azúcar Cuisine & Co Blanca Granulada 1 kg,Azúcar granulada merkat 1 kg,1000.0,1000.0,1399.0,1399.0,1490.0,1490.0,1290.0,1290.0,1260.0,1260.0,990.0,1150.0
azúcar,Azúcar Flor 500grs Iansa,Azúcar Flor Iansa 500Gr,Iansa Azúcar Flor Iansa 500 gr,Iansa Azúcar Flor Iansa 500 g,Iansa Azúcar Flor Iansa 500 g,Azúcar flor iansa 500 g,1150.0,1150.0,1299.0,1299.0,1390.0,1390.0,1097.0,1290.0,990.0,1270.0,903.0,1290.0
azúcar,Azúcar Flor 500grs Lider,Azúcar Flor Iansa 500Gr,Iansa Azúcar Flor Iansa 500 gr,Iansa Azúcar Flor Iansa 500 g,Iansa Azúcar Flor Iansa 500 g,Azúcar flor iansa 500 g,1090.0,1090.0,1299.0,1299.0,1390.0,1390.0,1097.0,1290.0,990.0,1270.0,903.0,1290.0
azúcar,Yoghurt Griego Natural Sin Azúcar Pote 150grs D...,Yogurt Griego Natural Oikos Danone 150Gr,Danone Yogurt Griego Danone Oikos Natural 150 g,Oikos Yogurt Griego Oikos Natural Sin Endulzar 150 g,Oikos Yogurt Griego Oikos Natural Sin Endulzar 150 g,Yoghurt colun protein plus sin azúcar natural 150 g,540.0,540.0,590.0,590.0,649.0,649.0,579.0,579.0,569.0,569.0,645.0,720.0
azúcar,Azúcar Blanca Light Con Sucralosa 500 g Iansa...,Azúcar Blanca Ligth Con Sucralosa 500Gr,Iansa Azúcar Iansa Light con Stevia 500 gr,Iansa Azúcar Blanca Iansa Light con Sucralosa 500 g,Iansa Azúcar Blanca Iansa Light con Sucralosa 500 g,Azúcar blanca light iansa con sucralosa 500 g,1050.0,1590.0,1695.0,1695.0,1790.0,1790.0,1780.0,1780.0,1730.0,1730.0,1323.0,1890.0
aceite,Aceite Maravilla 900 ml Lider,Aceite Maravilla Parral 900Ml,Parral Aceite Parral Maravilla 900 ml,Cuisine & Co Aceite de Maravilla 900 ml,Cuisine & Co Aceite de Maravilla 900 ml,Aceite nuestra cocina 100% maravilla 900 ml,1700.0,1700.0,2099.0,2099.0,2000.0,2390.0,2450.0,2450.0,2430.0,2430.0,2310.0,2310.0
aceite,Aceite Vegetal 900 ml Natura,Aceite Vegetal Belmont 900Ml,Natura Aceite Natura Vegetal 900 ml,Cuisine & Co Aceite Vegetal Libre de Colesterol 900 ml,Cuisine & Co Aceite Vegetal Libre de Colesterol 900 ml,Aceite vegetal natura 900 ml,2450.0,2450.0,2790.0,2790.0,2590.0,2590.0,1850.0,1850.0,1490.0,1790.0,1995.0,2850.0
aceite,Aceite Maravilla 900 ml Sorrento,Aceite Maravilla Natura 900ml,Parral Aceite Parral Maravilla 900 ml,Cuisine & Co Aceite de Maravilla 900 ml,Cuisine & Co Aceite de Maravilla 900 ml,Aceite nuestra cocina 100% maravilla 900 ml,1990.0,1990.0,2990.0,2990.0,2000.0,2390.0,2450.0,2450.0,2430.0,2430.0,2310.0,2310.0
mantequilla,Mantequilla Untable 200grs Colun,Mantequilla Untable Colun 200Gr,Soprole Mantequilla Untable Soprole 200 Grs,Colun Mantequilla Colun 200 g,Colun Mantequilla Colun 200 g,Mantequilla colun untable con sal pote 200 g,3490.0,3490.0,3290.0,3290.0,3690.0,3690.0,3629.0,3629.0,3190.0,3569.0,3630.0,3630.0
mantequilla,Mantequilla Con Sal 250 g Calo,Mantequilla Con Sal De Mar Soprole 250 Gr,Calo Mantequilla Calo Pan 250 gr,Calo Mantequilla Calo Con Sal 250 g,Calo Mantequilla Calo Con Sal 250 g,Mantequilla calo con sal pan 250 g,2950.0,2950.0,3090.0,3090.0,3290.0,3290.0,3179.0,3179.0,3149.0,3149.0,2490.0,2990.0
mantequilla,Mantequilla Con Sal 250 g Soprole,Mantequilla Con Sal De Mar Soprole 250 Gr,Soprole Mantequilla Soprole Sal De Mar 250 Gr,Soprole Mantequilla Soprole Con Sal 250 g,Soprole Mantequilla Soprole Con Sal 250 g,Mantequilla soprole con sal 250 g,2950.0,2950.0,3090.0,3090.0,3190.0,3190.0,2690.0,3099.0,2690.0,3049.0,2950.0,2950.0
mantequilla,Mantequilla Sin Sal Pan 250grs Soprole,Mantequilla Sin Sal Soprole 250Gr,Soprole Mantequilla Soprole Pan S/Sal 250 Gr,Soprole Mantequilla Soprole Sin Sal 250 g,Soprole Mantequilla Soprole Sin Sal 250 g,Mantequilla soprole sin sal 250 g,2690.0,2690.0,3090.0,3090.0,3190.0,3190.0,3399.0,3399.0,3339.0,3339.0,3190.0,3740.0
mantequilla,Mantequilla con Sal 250grs Los Alerces,Mantequilla Los Alerces 250Gr,Los Alerces Mantequilla Los Alerces Pan 250 Gr,Los Alerces Mantequilla Los Alerces Con Sal 250 g,Los Alerces Mantequilla Los Alerces Con Sal 250 g,Mantequilla fundo los alerces con sal pan 250 g,2890.0,2890.0,2990.0,2990.0,2990.0,2990.0,3539.0,3539.0,3489.0,3489.0,3290.0,3610.0
mantequilla,Mantequilla Untable 200grs Soprole,Mantequilla Untable Soprole 200Gr,Soprole Mantequilla Untable Soprole 200 Grs,Soprole Mantequilla Soprole Untable Pote 200 g,Soprole Mantequilla Soprole Untable Pote 200 g,Mantequilla untable soprole pote 200 g,3490.0,3790.0,3490.0,3490.0,3690.0,3690.0,3999.0,3999.0,3959.0,3959.0,3990.0,3990.0
sopa pollo,Sopa Pollo Arroz 70 g Gourmet,Sopa Pollo con Fideos Gourmet 70gr,Gourmet Sopa Gourmet Pollo Fideos 70 Grs,Gourmet Sopa Gourmet Tradicional de Pollo con Arroz 70 g,Gourmet Sopa Gourmet Tradicional de Pollo con Arroz 70 g,Sopa de pollo con fideos gourmet sobre 70 g,560.0,560.0,550.0,550.0,549.0,549.0,590.0,590.0,590.0,590.0,650.0,650.0
sopa pollo,Sopa Pollo Con Sémola 68 g Maggi,Sopa Sabor Pollo con Sémola Maggi 68Gr,Maggi Sopa Maggi Pollo Semola 68 gr,Maggi Sopa Maggi Pollo con Sémola 68 g,Maggi Sopa Maggi Pollo con Sémola 68 g,Sopa maggi pollo con sémola sobre 68 g,550.0,550.0,599.0,599.0,599.0,849.0,620.0,620.0,610.0,610.0,448.0,590.0
sopa pollo,Sopa Sabor Pollo Con Arroz 70 g Maggi,Sopa Sabor Pollo con Arroz Maggi 70Gr,Maggi Sopa Maggi Pollo Arroz 70Grs,Maggi Sopa Maggi Sabor Pollo con Arroz 70 g,Maggi Sopa Maggi Sabor Pollo con Arroz 70 g,Sopa maggi sabor pollo con arroz sobre 70 g,550.0,550.0,599.0,599.0,599.0,849.0,620.0,620.0,610.0,610.0,448.0,590.0
avena,Avena Instantánea 700grs Lider,Avena Quaker Instantánea 700Gr,Quaker Avena Instantánea Quaker 700 Grs,Quaker Avena Instantánea Quaker 700 g,Quaker Avena Instantánea Quaker 700 g,Avena quaker instantánea 700 g,2150.0,2150.0,2499.0,2990.0,2000.0,2690.0,2699.0,2699.0,2659.0,2659.0,1953.0,2790.0
pan blanco,Pan De Molde Familiar Blanco 580grs Lider...,Pan de Molde Familiar Duo Castaño 585Gr,Castaño Pan Blanco Familiar Castaño 570 Grs,La Selecta Pan Molde La Selecta Blanco Familiar 580 g,La Selecta Pan Molde La Selecta Blanco Familiar 580 g,Pan molde la selecta blanco familiar bolsa 580 g,1990.0,1990.0,2690.0,2690.0,2490.0,2490.0,2249.0,2249.0,2229.0,2229.0,2450.0,2450.0
té,Azúcar Granulada 1Kg Lider,Azúcar Blanca Granulada Iansa 1Kg,Iansa Azúcar blanca granulada Iansa 1 kg,Cuisine & Co Azúcar Cuisine & Co Blanca Granulada 1 kg,Cuisine & Co Azúcar Cuisine & Co Blanca Granulada 1 kg,Azúcar granulada merkat 1 kg,1000.0,1000.0,1399.0,1399.0,1490.0,1490.0,1290.0,1290.0,1260.0,1260.0,990.0,1150.0
té,Mantequilla Con Sal 250 g Soprole,Mantequilla Con Sal De Mar Soprole 250 Gr,Soprole Mantequilla Soprole Sal De Mar 250 Gr,Soprole Mantequilla Soprole Con Sal 250 g,Soprole Mantequilla Soprole Con Sal 250 g,Mantequilla soprole con sal 250 g,2950.0,2950.0,3090.0,3090.0,3190.0,3190.0,2690.0,3099.0,2690.0,3049.0,2950.0,2950.0
té,Mantequilla Con Sal 250 g Calo,Mantequilla Con Sal De Mar Soprole 250 Gr,Calo Mantequilla Calo Pan 250 gr,Calo Mantequilla Calo Con Sal 250 g,Calo Mantequilla Calo Con Sal 250 g,Mantequilla calo con sal pan 250 g,2950.0,2950.0,3090.0,3090.0,3290.0,3290.0,3179.0,3179.0,3149.0,3149.0,2490.0,2990.0
té,Mantequilla Sin Sal Pan 250grs Soprole,Mantequilla Sin Sal Soprole 250Gr,Soprole Mantequilla Soprole Pan S/Sal 250 Gr,Soprole Mantequilla Soprole Sin Sal 250 g,Soprole Mantequilla Soprole Sin Sal 250 g,Mantequilla soprole sin sal 250 g,2690.0,2690.0,3090.0,3090.0,3190.0,3190.0,3399.0,3399.0,3339.0,3339.0,3190.0,3740.0
yogurt,Yoghurt Proteína Frutilla 155 g Soprole,Yogurt Protein Frutilla Soprole 155Gr,Soprole Yogurt Soprole Light Trozo Frutilla 155 gr,Soprole Yogurt Soprole Proteína Frutilla 155 g,Soprole Yogurt Soprole Proteína Frutilla 155 g,Yoghurt soprole proteína frutilla 155 g,720.0,720.0,850.0,850.0,699.0,699.0,729.0,729.0,719.0,719.0,575.0,690.0
yogurt,Yoghurt Proteína Natural 155 g Soprole,Yogurt Protein Frutilla Soprole 155Gr,Soprole Yogurt Soprole Protein+ Natural 155 gr,Soprole Yogurt Soprole Proteína Natural 155 g,Soprole Yogurt Soprole Proteína Natural 155 g,Yoghurt soprole proteína natural 155 g,720.0,720.0,850.0,850.0,829.0,829.0,729.0,729.0,719.0,719.0,575.0,690.0
yogurt,Yoghurt Proteina Chirimoya 155 g Soprole,Yogurt Protein Frutilla Soprole 155Gr,Soprole Yogurt Soprole Protein+ Chirimoya 155 gr,Soprole Yogurt Soprole Proteína Chirimoya 155 g,Soprole Yogurt Soprole Proteína Chirimoya 155 g,Yoghurt soprole proteína chirimoya 155 g,720.0,720.0,850.0,850.0,829.0,829.0,729.0,729.0,719.0,719.0,575.0,690.0
yogurt,Yoghurt Griego Natural Sin Azúcar Pote 150grs D...,Yogurt Griego Natural Oikos Danone 150Gr,Danone Yogurt Griego Danone Oikos Natural 150 g,Oikos Yogurt Griego Oikos Natural Sin Endulzar 150 g,Oikos Yogurt Griego Oikos Natural Sin Endulzar 150 g,Yoghurt colun protein plus sin azúcar natural 150 g,540.0,540.0,590.0,590.0,649.0,649.0,579.0,579.0,569.0,569.0,645.0,720.0
jalea,Jalea Frambuesa Postre 100grs Colun,Jalea Frambuesa Colun 100Gr,Colun Jalea Colun Frambuesa 100 Gr,Colun Jalea Colun Frambuesa 100 g,Colun Jalea Colun Frambuesa 100 g,Jalea colun frambuesa pote 100 g,290.0,290.0,299.0,299.0,299.0,299.0,310.0,310.0,309.0,309.0,258.0,300.0
jalea,Jalea Piña 110 g Soprole,Jalea Piña Soprole 110Gr,Soprole Jalea Soprole Piña 110 Gr,Soprole Jalea Soprole Piña 110 g,Soprole Jalea Soprole Piña 110 g,Jalea piña soprole 110 g,300.0,300.0,350.0,350.0,399.0,399.0,335.0,335.0,319.0,319.0,249.0,310.0
jalea,Jalea Guinda Postre 100 g Colun,Jalea Guinda Colun 100Gr,Colun Jalea Colun Guinda 100 Gr,Colun Jalea Colun Guinda 100 g,Colun Jalea Colun Guinda 100 g,Jalea colún guinda 100 g,290.0,290.0,299.0,299.0,299.0,299.0,310.0,310.0,309.0,309.0,258.0,300.0
harina,Harina Tostada 500 g,Harina Tostada Oso 500Gr,Oso Harina Tostada Oso 500 Grs,Oso Harina Tostada Oso 500 g,Kunstmann Harina Tostada Kunstmann 500 g,Harina tostada dimme 500 g,1190.0,1190.0,1199.0,1199.0,1290.0,1290.0,1280.0,1280.0,1170.0,1170.0,1560.0,1560.0
harina,"Harina De Fuerza 1 kg, Collico",Harina Collico 1Kg,Collico Harina Collico Fuerza 1 Kg,Collico Harina Collico de Fuerza 1 kg,Collico Harina Collico de Fuerza 1 kg,Harina collico todo uso 1 kg,1690.0,1690.0,999.0,1099.0,1390.0,1390.0,1460.0,1460.0,1440.0,1440.0,1490.0,1490.0
harina,Harina Integral 1kg Selecta,Harina Integral Selecta 1Kg,Selecta Harina Selecta Integral 1 Kg,Selecta Harina Integral Selecta 1 kg,Selecta Harina Integral Selecta 1 kg,Harina selecta integral 1 kg,1690.0,1990.0,2290.0,2290.0,2690.0,2690.0,2090.0,2090.0,2070.0,2070.0,1740.0,2290.0
leche,Leche Semidescremada Chocolate 1 L Colun,Leche Semidescremada Colun 1Lt,Colun Leche Colun Semidescremada 1 Lt,Colun Leche Colun Semidescremada 1 L,Colun Leche Colun Semidescremada Chocolate Receta Original 1 L,Leche semidescremada colun sabor chocolate 1 l,1400.0,1400.0,1299.0,1299.0,1490.0,1490.0,1329.0,1329.0,1759.0,1759.0,1550.0,1720.0
leche,Leche Blanca Semidescremada 1L Colun,Leche Semidescremada Colun 1Lt,Colun Leche Colun Semidescremada 1 Lt,Colun Leche Colun Semidescremada 1 L,Colun Leche Colun Semidescremada 1 L,Leche semidescremada sin lactosa colun 1 l,1250.0,1250.0,1299.0,1299.0,1490.0,1490.0,1329.0,1329.0,1319.0,1319.0,1280.0,1350.0
leche,Leche Semidescremada Sin Lactosa 1 L Lider...,Leche Semidescremada Colun 1Lt,Colun Leche Colun Semidescremada 1 Lt,Colun Leche Colun Semidescremada Sin Lactosa 1 L,Colun Leche Colun Semidescremada Sin Lactosa 1 L,Leche semidescremada sin lactosa colun 1 l,1190.0,1190.0,1299.0,1299.0,1490.0,1490.0,1429.0,1429.0,1419.0,1419.0,1280.0,1350.0
leche,Leche Sabor Chocolate Semidescremada 1L Soprole...,Leche Semidescremada Colun 1Lt,Soprole Leche Soprole Semidescremada 1 Litro,Colun Leche Colun Semidescremada Chocolate 1 L,Soprole Leche Soprole Semidescremada Chocolate 1 L,Leche semidescremada soprole chocolate 1 l,1590.0,1590.0,1299.0,1299.0,1290.0,1290.0,1769.0,1769.0,1400.0,1659.0,1431.0,1590.0
leche,Leche Blanca Semidescremada 1L Loncoleche...,Leche Semidescremada Loncoleche 1Lt,Colun Leche Colun Semidescremada 1 Lt,Loncoleche Leche Loncoleche Semidescremada Sin Lactosa 1 L,Loncoleche Leche Loncoleche Semidescremada Sin Lactosa 1 L,Leche semidescremada loncoleche sin tapa 1 l,1090.0,1090.0,1190.0,1190.0,1490.0,1490.0,1439.0,1439.0,1150.0,1529.0,1050.0,1160.0
leche,Leche Semidescremada Natural 1 L Soprole,Leche Semidescremada Colun 1Lt,Soprole Leche Soprole Semidescremada 1 Litro,Soprole Leche Soprole Semidescremada Natural 1 L,Soprole Leche Soprole Semidescremada Natural 1 L,Leche semidescremada natural soprole 1 l,1190.0,1190.0,1299.0,1299.0,1290.0,1290.0,1189.0,1189.0,1269.0,1269.0,1250.0,1250.0
leche,Leche Semidescremada 1 L Surlat,Leche Semidescremada Surlat 1Lt,Colun Leche Colun Semidescremada 1 Lt,Surlat Leche Surlat Semidescremada 1 L,Surlat Leche Surlat Semidescremada 1 L,Leche soprole semidescremada con avena 1 l,1190.0,1190.0,1199.0,1199.0,1490.0,1490.0,1050.0,1050.0,1000.0,1000.0,1396.0,1530.0
leche,Leche Entera 1 L Surlat,Leche Descremada Surlat 1Lt,Surlat Leche Surlat Entera Sin Tapa 1 Litro,Surlat Leche Surlat Entera 1 L,Surlat Leche Surlat Entera 1 L,Leche entera sin lactosa loncoleche con tapa 1 l,1190.0,1190.0,1199.0,1199.0,1290.0,1290.0,1050.0,1050.0,1000.0,1000.0,1085.0,1490.0
leche,Leche Sabor Chocolate Semidescremada 1L Loncole...,Leche Semidescremada Colun 1Lt,Colun Leche Colun Semidescremada 1 Lt,Colun Leche Colun Semidescremada Chocolate 1 L,Soprole Leche Soprole Semidescremada Chocolate 1 L,Leche semidescremada colun sabor chocolate 1 l,1950.0,1950.0,1299.0,1299.0,1490.0,1490.0,1769.0,1769.0,1400.0,1659.0,1550.0,1720.0
leche,Leche Descremada Natural 1 L Soprole,Leche Descremada Surlat 1Lt,Soprole Leche Soprole Descremada 1 Litro,Soprole Leche Soprole Descremada Natural 1 L,Soprole Leche Soprole Descremada Natural 1 L,Leche semidescremada natural soprole 1 l,1190.0,1190.0,1199.0,1199.0,1290.0,1290.0,1189.0,1189.0,1269.0,1269.0,1250.0,1250.0
leche,Leche Sabor Plátano Semidescremada 1L Loncolech...,Leche Semidescremada Sabor Plátano Loncoleche 1Lt,Colun Leche Colun Semidescremada 1 Lt,Colun Leche Colun Semidescremada 1 L,Colun Leche Colun Semidescremada 1 L,Leche semidescremada loncoleche sin tapa 1 l,1950.0,1950.0,1890.0,1890.0,1490.0,1490.0,1329.0,1329.0,1319.0,1319.0,1050.0,1160.0
leche,Leche Semidescremada 1 L Lider,Leche Semidescremada Colun 1Lt,Colun Leche Colun Semidescremada 1 Lt,Cuisine & Co Leche Cuisine & Co Semidescremada 1 L,Soprole Leche Semidescremada Soprole con Avena 1 L,Leche soprole semidescremada con avena 1 l,900.0,990.0,1299.0,1299.0,1490.0,1490.0,1099.0,1099.0,1400.0,1469.0,1396.0,1530.0
leche,Leche Blanca Semidescremada Sin Lactosa 1L Lonc...,Leche Semidescremada Colun 1Lt,Colun Leche Colun Semidescremada 1 Lt,Colun Leche Colun Semidescremada Sin Lactosa 1 L,Colun Leche Colun Semidescremada Sin Lactosa 1 L,Leche semidescremada sin lactosa colun 1 l,921.0,1250.0,1299.0,1299.0,1490.0,1490.0,1429.0,1429.0,1419.0,1419.0,1280.0,1350.0
lavalozas,Lavalozas Limón 750 ml Fuzol,Lavaloza Fuzol 750Ml,Wyn Lavalozas Wyn 750 ml,Fuzol Lavalozas Fuzol Limón Doypack 750 ml,Fuzol Lavalozas Fuzol Limón Doypack 750 ml,Lavalozas fuzol concentrado power citrus doypack 750 ml,1250.0,1250.0,999.0,1199.0,1790.0,1790.0,1450.0,1450.0,1390.0,1390.0,1290.0,1290.0
virutilla,Yoghurt Proteína Frutilla 155 g Soprole,Yogurt Protein Frutilla Soprole 155Gr,Soprole Yogurt Soprole Light Trozo Frutilla 155 gr,Soprole Yogurt Soprole Proteína Frutilla 155 g,Soprole Yogurt Soprole Proteína Frutilla 155 g,Yoghurt soprole proteína frutilla 155 g,720.0,720.0,850.0,850.0,699.0,699.0,729.0,729.0,719.0,719.0,575.0,690.0
acondicionador,Acondicionador Largo Increible 750ml Ballerina...,Acondicionador Palta Ballerina 750ml,Ballerina Acondicionador Ball Micel Frasco 750 ml,Ballerina Acondicionador Ballerina Manzanilla 750 ml,Ballerina Acondicionador Ballerina Largo Increíble Doypack 750 ml,Acondicionador ballerina manzanilla doypack 750 ml,1990.0,1990.0,1595.0,1595.0,1890.0,1890.0,1690.0,1820.0,1490.0,1790.0,1490.0,1790.0
acondicionador,Acondicionador Coco Jazmín 750ml Ballerina...,Acondicionador Palta Ballerina 750ml,Ballerina Acondicionador Ball Micel Frasco 750 ml,Ballerina Acondicionador Ballerina Coco y Jazmín 750 ml,Ballerina Acondicionador Ballerina Carbón Frasco 750 ml,Acondicionador ballerina manzanilla doypack 750 ml,1950.0,1950.0,1595.0,1595.0,1890.0,1890.0,2090.0,2090.0,2050.0,2050.0,1490.0,1790.0
acondicionador,Acondicionador Granada Doypack 750 ml Suavelina...,Acondicionador Suavelina 750Ml Palta,Familand Acondicionador Familand Doypack Granada 750 ml,Ballerina Acondicionador Ballerina Granada 750 ml,Ballerina Acondicionador Ballerina Granada 750 ml,Acondicionador ballerina sin sal granada doypack 750 ml,900.0,900.0,999.0,1199.0,1190.0,1390.0,1690.0,1820.0,1490.0,1790.0,1490.0,1790.0
bolsa basura,Bolsa de Basura 50x70cms 10 Un Lider,Bolsa Basura Pequeña Eltit 50X70Cm 10 Unidades,Superior Bolsa de Basura Superior 50x70 cms. rollo 10 und,Superior Bolsa de Basura Superior Rollo 50 x 70 cm 10 un.,Superior Bolsa de Basura Superior Rollo 50 x 70 cm 10 un.,Bolsa de basura impeke reciclado 50x70 cm 10 un,540.0,540.0,599.0,599.0,699.0,699.0,780.0,780.0,770.0,770.0,700.0,700.0
cloro,Cloro En Gel Original 900 ml Clorox,Cloro Gel Clorinda 900Ml,Clorox Cloro Gel Original Clorox 900 Ml,Clorox Cloro Gel Clorox Original 900 ml,Clorox Cloro Gel Clorox Original 900 ml,Cloro gel clorox original 900 ml,1990.0,1990.0,1899.0,1899.0,2990.0,2990.0,2190.0,2190.0,2150.0,2150.0,2250.0,2250.0
cloro,Cloro Gel tradicional 900ml Lider,Cloro Gel Tradicional Impeke 900Ml,Impeke Cloro Gel Impeke Tradicional 900 ml,Igenix Cloro Gel Igenix Tradicional 900 ml,Igenix Cloro Gel Igenix Tradicional 900 ml,Cloro gel impeke tradicional 900 ml,1450.0,1450.0,1399.0,1399.0,1000.0,1890.0,1990.0,1990.0,1950.0,1950.0,1280.0,1820.0
cloro,Cloro Gel Aroma Floral 900ml Lider,Cloro Gel Clorinda 900Ml,Impeke Cloro Gel Impeke Aroma Limón 900 ml,Igenix Cloro Gel Igenix Floral 900 ml,Igenix Cloro Gel Igenix Floral 900 ml,Cloro gel igenix floral 900 ml,1750.0,1750.0,1899.0,1899.0,1000.0,1890.0,1990.0,1990.0,1950.0,1950.0,2070.0,2070.0
cloro,Cloro Gel Aroma Limón 900ml Lider,Cloro Gel Limón Impeke 900Ml,Impeke Cloro Gel Impeke Aroma Limón 900 ml,Home Care Cloro Gel Home Care Limón 900 ml,Home Care Cloro Gel Home Care Limón 900 ml,Cloro gel smart clean limón 900 ml,1750.0,1750.0,1399.0,1399.0,1000.0,1890.0,1890.0,1890.0,1850.0,1850.0,1300.0,1750.0
