Encontrado,Precio
Arroz nuestra cocina g2 largo delgado 1 kg,2 x 3000
Arroz nuestra cocina g1 grano largo ancho bolsa 1 kg,2 x 4000
Arroz miraflores g1 largo ancho bolsa 1 kg,2790
Arroz merkat largo delgado grado 2 1 kg,1450
Arroz los chinos g2 largo 1 kg,2 x 2860
Arroz nuestra cocina g2 grano largo ancho bolsa 1 kg,1800
Arroz tucapel gran selección g1 1 kg,2530
Arroz tucapel gran selección g2 1 kg,2150
Arroz banquete premium g1 1 kg,2650
Arroz iansa agro g2 largo ancho 1 kg,2000
Arroz nuestra cocina grado 1 integral 1 kg,2490
Arroz nuestra cocina pregraneado 1 kg,2430
Arroz preparado miraflores risotto champiñón 180 g,2350
Arroz banquete premium g1 2 kg,4630
Arroz miraflores basmati premium bolsa 400 g,3000
Arroz tucapel pregraneado 1 kg,2830
Arroz preparado miraflores risotto 3 quesos 180 g,2350
Arroz tucapel blue bonnet g2 1 kg,2050
Arroz tucapel gran selección g2 laminado 1 kg,2250
Arroz miraflores pregraneado g1 largo 1 kg,2790
Arroz sushi tucapel 400 g,3280
Arroz iansa agro integral g1 bolsa 1 kg,2650
Arroz nuestra cocina grano largo g1 bolsa 1 kg,1890
Arroz basmati tucapel 1 kg,6190
Arroz tucapel blue bonnet g1 1 kg,2430
Arroz preparado miraflores chaufán 210 g,1210
Arroz preparado árabe miraflores 175 g,1210
Arroz grado 1 iansa agro bolsa 1 kg,2790
Arroz banquete premium g2 1 kg,2430
Arroz preparado miraflores paella 175 g,1210
Arroz preparado miraflores primavera 210 g,1210
Arroz preparado miraflores curry 175 g,1210
Arroz paella tucapel 1 kg,3690
Arroz basmati g1 nuestra cocina 1 kg,3990
Picado nestlé naturnes carne zanahoria y arroz 250 g,2 x 4000
Pastas de arroz trattoría 250 g,2750
Quinoa banquete 400 g,3880
Caldo en polvo gourmet para arroz 6 un de 8 g,610
Quinoa carozzi 250 g,3000
Alimento perro adulto cachupín carne con arroz 9 kg,15390
Harina de arroz tucapel 500 g,1350
Palmitos esmeralda forma de arroz lata 400 g neto - 220 g drenado,3000
Quinoa mediterránea banquete 400 g,3880
Quínoa blanca nuestra cocina doypack 400 g,3290
Helado trendy sabor leche asada-suspiro limeño-arroz con leche 2.5 l,5990
Fideos de arroz nuestra cocina 250 g,2710
Quinoa vivo tricolor 250 g,3190
Sopa maggi sabor pollo con arroz sobre 70 g,590
Fideos de arroz pad thai roland 396 g,3850
Cereal nestum arroz 250 g,2980
Pasta spaghetti n° 5 carozzi 400 g,2 x 1500
Pasta espirales carozzi 400 g,2 x 1500
Pasta tallarines n° 87 carozzi 400 g,2 x 1500
Pasta corbatas carozzi 400 g,2 x 1500
Pasta rigatoni carozzi 400 g,2 x 1500
Pasta spaguetti n°5 nuestra cocina 400 g,3 x 2001
Pasta espirales nuestra cocina 400 g,3 x 2001
Pasta spaghetti n° 5 talliani al huevo 400 g,1000
Pasta fettuccine n°88 carozzi 400 g,2 x 1500
Pasta quifaros carozzi 400 g,2 x 1500
Pasta cabello de ángel carozzi corto 400 g,2 x 1500
Pasta mostaccioli carozzi 400 g,2 x 1500
Pasta espirales al huevo talliani 400 g,1000
Pasta tallarines 77 nuestra cocina 400 g,3 x 2001
Pasta quífaros nuestra cocina 400 g,3 x 2001
Pasta ravioles carozzi con carne 400 g,1890
Pasta corbatas nuestra cocina 400 g,3 x 2001
Pasta tallarines n° 77 talliani al huevo 400 g,1000
Pasta rigati al huevo talliani 400 g,1000
Pasta canutos nuestra cocina 400 g,3 x 2001
Pasta corbatitas carozzi 400 g,2 x 1500
Pasta caracoles nuestra cocina 400 g,3 x 2001
Pasta farfalle al huevo talliani 400 g,1000
Pasta fusilli 1881 integral 500 g,1000
Pasta ravioles carozzi ricota espinaca 400 g,2090
Pasta caracolitos lucchetti 250 g,3 x 2001
Pasta spaghetti n°5 1881 integral 500 g,1000
Pasta penne 1881 le ruvide 500 g,1000
Pasta spaghetti n°5 merkat 400 g,510
Pastas de arroz trattoría 250 g,2750
Pasta espirales merkat 400 g,510
Pasta fusilli 1881 le ruvide 500 g,1000
Pasta caracoquesos carozzi salsa queso 296 g,2050
Pasta espirales lucchetti tres sabores 400 g,1140
Pasta mariposas lucchetti 250 g,3 x 2001
Pasta spaghetti n°5 1881 bolsa 500 g,1000
Pasta spaghetti n° 5 1881 500 g,1000
Pasta cabello corto nuestra cocina 400 gr,3 x 2001
Pasta spaghetti n° 5 lucchetti 400 g,1030
Pasta gnocchi fresco rana papa 400 g,3590
Pasta tortellini carozzi relleno queso 400 g,2090
Pasta tortellini carozzi tomate mozzarella y albahaca 400 g,2350
Pasta corbatas merkat 400 g,510
Pasta espirales lucchetti 400 g,1030
Pasta corbatas lucchetti tres sabores 400 g,1140
Pasta girasoli rana pollo con romero 250 g,4850
Pasta tortellini rana jamón crudo con queso 250 g,4850
Pasta quífaros merkat 400 g,510
Pasta fettuccini n°88 al huevo trattoría 400 g,1290
Pasta canutos merkat 400 g,510
Porotos blancos listos iansa agro 390 g neto - 230 g drenado,1290
Porotos blanco nuestra cocina bolsa 1 kg,3560
Poroto blanco banquete 1 kg,4090
Porotos blancos iansa agro 1 kg,4050
Porotos blancos esmeralda lata 400 g neto - 240 g drenado,1200
Manzana roja importada granel 500 g,1395
Manzana royal importada granel 500 g,1395
Manzana cripps pink importada granel 500 g,1245
Manzana royal gala granel 500 g,1295
Manzana verde granel 500 g,1295
Palta hass malla 1 kg,3990
Palta hass granel 500 g,3395
Palta hass malla 700 g,2990
Sal fina lobos yodada bolsa 1 kg,560
Sal fina nuestra cocina bolsa 1 kg,420
Sal de mar lobos fina 900 g,1620
Sal de mar entrefina lobos doypack 800 g,1950
Sal gruesa nuestra cocina bolsa 1 kg,380
Sal parrillera lobos 750 g,1650
Sal rosada del himalaya ka fina doypack 500 g,2880
Sal rosada del himalaya ka fina gourmet 130 g,1330
Sal fina lobos salero 500 g,1430
Sal fina lobos salero 125 g,650
Sal light biosal con 50% menos de sodio pote 850 g,3890
Sal fina nuestra cocina bolsa 1 kg,420
Sal winkler specia mostaza 300 g,1490
Sal rosada del himalaya ka parrillera doypack 500 g,2880
Sal gruesa cocina lobos bolsa 1 kg,610
Sal winkler specia ajo pimienta 300 g,1490
Sal light biosal con 50% menos de sodio salero 125 g,1390
Sal winkler specia romero 300 g,1490
Sal de mar fina lobos salero 500 g,1640
Sal fina lobos pote 850 g,1550
Sal light biosal con 50% menos de sodio salero 500 g,3550
Sal de mar extra gruesa lobos doypack 800 g,2210
Sal parrillera nuestra cocina 750 g,1350
Sal fina nuestra cocina salero 500 g,1160
Sal rosada nuestra cocina con molinillo 100 g,4090
Sal fina light nuestra cocina salero 125 g,1210
Sal de mar lobos selecciones piramidal 250 g,7650
Sal winkler specia tomate albahaca 300 g,1490
Sal rosada aukas de los andes molinillo 180 g,7290
Sal desierto atacama aukas merken 180 g,7290
Sal parrillera aukas ajo tostado 500 g,4050
Sal parrillera aukas ahumada 500 g,4050
Sal desierto atacama aukas original 180 g,7290
Sal de ajo badia frasco 453.6 g,7050
Mantequilla soprole con sal 250 g,2490
Mantequilla colun con sal pan 250 g,3150
Quesillo colun con sal pote 2 un de 160 g,2190
Mantequilla surlat con sal 200 g,2000
Papas fritas lay's artesanas sal de mar bolsa 150 g,2000
Mantequilla calo con sal pan 250 g,2990
Shampoo pantene reparador keratina sin sal 300 ml,2 x 6000
Mantequilla colun untable con sal pote 200 g,3250
Shampoo ballerina color ideal sin sal granada botella 750 ml,1590
Mantequilla los peumos con sal 250 g,2630
Acondicionador pantene reparador keratina sin sal 250 ml,2 x 6000
Papas fritas marco polo rusticas sal de mar bolsa xl 380 g,3500
Cabritas puripop sabor oliva sal de mar doypack 12 g,5 x 3000
Mantequilla fundo los alerces con sal pan 250 g,3100
Shampoo ballerina detox purificante carbón sin sal 750 ml,1590
Shampoo simond's sin sal detox moringa 410 ml,2000
Azúcar granulada iansa 900 g,1000
Azúcar blanca iansa 1 kg,1490
Azúcar flor iansa 500 g,1000
Azúcar nuestra cocina granulada bolsa 900 g,1000
Azúcar blanca iansa 5 kg,6230
Azúcar nuestra cocina granulada bolsa 1.3 kg,1520
Azúcar granulada merkat 1 kg,1250
Azúcar granulada merkat 5 kg,5990
Azúcar rubia iansa 500 g,1430
Azúcar rubia nuestra cocina bolsa 1 kg,2660
Azúcar rubia nuestra cocina 500 g,1250
Azúcar granulada nuestra cocina g2 bolsa 1 kg,1330
Azúcar rubia iansa 1 kg,3060
Azúcar granulada iansa bolsa 1.3 kg,1930
Azúcar flor nuestra cocina 500 g,1120
Azúcar blanca light iansa con sucralosa 500 g,1890
Azúcar rubia iansa cubitos 420 g,2050
Azúcar flor iansa 1 kg,2570
Azúcar blanca iansa doypack 3 kg,4980
Azúcar blanca light iansa con stevia 500 g,2030
Azúcar blanca iansa cubitos 500 g,1750
Azúcar rubia mi tierra 750 g,6740
Azúcar de coco be organics orgánica 500 g,5660
Panela pulverizada mesa baja orgánica 500 g,3650
Azúcar flor dimme 500 g,1330
Bebida coca cola zero desechable 3 l,2490
Bebida coca cola zero 1 l,1000
Pack bebida coca cola zero lata 6 un de 350 ml,4000
Bebida coca cola zero botella 591 ml,1000
Bebida coca cola zero 1.5 l,2090
Bebida coca cola zero retornable 2 l + envase,1790
Bebida coca cola original desechable 3 l,2490
Bebida coca cola original 1 l,1000
Saborizante para leche milo activ-go bolsa 1 kg,7000
Leche condensada nestlé azucarada lata 397 g,2 x 2990
Cereal choco pillows cola cao 350 g,3000
Galletas costa donuts chocolate leche 100 g,2 x 1920
Chocolate trencito nestlé de leche 150 g,2 x 4320
Pack bebida coca cola original lata 6 un de 350 ml,4000
Galleta oreo clásica vainilla 108 g,2 x 1160
Galletas triton mckay vainilla 126 g,2 x 1210
Galletas costa nik oblea rellena bocado 71 g,2 x 890
Galletas costa donuts orange bitter 100 g,2 x 1920
Bebida energética monster energy regular lata 473 ml,2 x 3000
Mermelada watt's mora bolsa 225 g,1000
Galletas dos en uno rigochoc chocolate 113 g,1000
Galletas costa donuts chocolate blanco 100 g,2 x 1920
Galleta morocha mckay familiar 150 g,1000
Pack barra cereal costa cereal bar choco cereal 8 un de 18 g,2 x 3240
Chocolate sahne nuss con almendras 250 g,4690
Aceite nuestra cocina 100% maravilla 900 ml,2000
Aceite belmont vegetal 900 ml,2000
Aceite merkat vegetal 900 ml,1460
Aceite chef maravilla 0% colesterol 1 l,3250
Aceite de oliva nuestra cocina extra virgen 1 l,14550
Aceite de oliva giada extra virgen 1 l,11590
Aceite de oliva nuestra cocina extra virgen 500 ml,8000
Aceite vegetal merkat bidón 5 l,8490
Aceite nuestra cocina vegetal botella 900 ml,1690
Aceite natura maravilla 100% 900 ml,3290
Aceite de canola nuestra cocina 900 ml,2290
Aceite nuestra cocina pepita uva 500 ml,4000
Aceite belmont vegetal con canola 1 l,3150
Aceite ajonjolí lee kum kee sesamo puro 207 ml,6440
Aceite de oliva extravirgen con maravilla chef 1l,13990
Aceite de coco virgen mi tierra frasco 350 g,10190
Aceite de oliva giada extra virgen 500 ml,6990
Aceite de coco be organics extra virgen 100% 500 ml,10830
Aceite de oliva chef extra virgen 500 ml,9690
Aceite de oliva huasco extra virgen 500 ml,10750
Aceite de oliva huasco extra virgen 1 l,21090
Aceite de maíz nuestra cocina 900 ml,3000
Aceite vegetal natura 900 ml,2690
Aceite de oliva trattoria extra virgen 250 ml,4990
Aceite de oliva kardamili extra virgen 1 l,19750
Aceite spes nutra omega 3 bebés y niños 240 ml,4030
Aceite de oliva banquete extra virgen 1 l,19990
Aceite de oliva trattoria extra virgen 500 ml,7950
Aceite de oliva nuestra cocina extra virgen 250 ml,5490
Aceite belmont canola 100% 900 ml,4130
Aceite chef pepita uva 1 l,8690
Aceite de oliva chef extra virgen arbequina 1 l,19350
Aceite girasol natura 500 ml,1880
Aceite vegetal belmont 5 l,15490
Aceite de oliva nuestra cocina extra virgen 5 l,33990
Aceite de oliva extra virgen chef 250 ml,5650
Aceite chef maravilla 0% colesterol bidón 5 l,17890
Aceite vegetal merkat 1.5 l,2590
Aceite de oliva banquete extra virgen 500 ml,11490
Aceite natura maravilla 3 l,10550
Aceite natura maravilla 0% colesterol 1.5 l,5550
Aceite prochef coco spray 225 ml,8790
Aceite de oliva sol de aculeo extra virgen arbequina 250 ml,5590
Aceite belmont vegetal para freir 1 l,5540
Aceite de oliva kardamili extra virgen 500 ml,10790
Aceite de oliva sol de aculeo extra virgen blend 500 ml,11250
Aceite de oliva banquete extra virgen 250 ml,7490
Aceite de oliva natura extra virgen 500 ml,11390
Aceite de oliva nuestra cocina extra virgen 1 l,7190
Aceite de oliva natura extra virgen botella 1 l,21090
Huevos grande blanco yemita 12 un,2990
Huevos nuestra cocina blanco mediano 30 un,7790
Huevos nuestra cocina blanco extra 20 un,5990
Huevos blanco grande cintazul 30 un,9090
Huevos extra blanco yemita 12 un,3590
Huevos extra blanco grande cintazul 20 un,7150
Huevo mediano blanco santa marta 30 un,7290
Huevos nuestra cocina blanco grande 12 un,3530
Huevos mediano blanco de talca 30 un,7990
Huevo grande blanco yemita 6 un,1730
Huevo extra blanco de talca 20 un,6490
Huevos medianos blancos yemita 30 un,8590
Huevo de chocolate bon o bon blanco 55 g,2890
Huevos blanco grande cintazul 12 un,3940
Huevos blanco nuestra cocina grande bandeja 6 un,1650
Huevo coliumo grande blanco 12 un,4080
Huevos extra blanco grande cintazul 12 un,4330
Huevo grande blanco huevos de talca 12 un,3530
Huevo extra blanco santa marta 20 un,6550
Huevos blanco grande santa marta 12 un,3700
Huevos blanco santa marta grande 30 un,9190
Huevo grande blanco de talca 6 un,1990
Huevo extra blanco huevos de talca 12 un,4190
Huevos blanco grande cintazul 6 un,2380
Huevo extra blanco santa marta 12 un,3990
Yoghurt griego danone oikos natural no endulzado 150 g,2 x 1000
Pan de molde ideal blanco 580 g,2000
Pan molde ideal blanco grande xl bolsa 750 g,2890
Yoghurt soprole proteína natural 155 g,690
Yoghurt griego quillayes protein natural pote 800 g,4100
Yoghurt colun origen natural bolsa 900 g,1920
Vino casillero del diablo reserva chardonnay 750 cc,2 x 9490
Vino casillero del diablo devil's carnaval sauvignon blanc 750 cc,2 x 9490
Vino casa silva colección chardonnay 750 cc,3 x 12990
Vino casillero del diablo reserva sauvignon blanc 750 cc,2 x 9490
Yoghurt loncoleche protein natural endulzado 140 g,670
Yoghurt batido soprole natural 155 g,480
Yoghurt colun protein plus sin azúcar natural 150 g,2 x 1300
Yoghurt goodnes probióticos natural endulzado pote 140 g,2 x 940
Yoghurt origen colun natural 120 g,380
Chocolate blanco galak barra 80 g,2 x 2000
Postre del sur colun sabor chocolate blanco 110 g,4 x 2000
Tequila olmeca blanco botella 700 cc,12990
Chocolate milka blanco 100 g,2 x 4210
Vinagre vino blanco traverso 500 ml,1020
Yoghurt danone light natural bolsa 900 g,1820
Vino san vicente chungará gran reserva chardonnay 750 cc,3 x 12990
Ron blanco sierra morena 39.5° botella 750 cc,5190
Kefir quillayes sin endulzante natural 4 un de 80 ml,2000
Porotos blancos listos iansa agro 390 g neto - 230 g drenado,1290
Jamón pierna sandwich receta del abuelo 200 g,2000
Jamón sandwich san jorge granel 100 g,580
Jamón sandwich pf granel 100 g,676
Fiambre sandwich san jorge 250 g,2030
Sandwich pan de molde daily fresh jamón queso bolsa 1 un,2830
Fiambre de jamón sandwich san pablo granel 100 g,500
Queso gauda soprole laminado granel 100 g,876
Queso ranco colun laminado 500 g,5790
Queso ranco colun laminado granel 100 g,1260
Queso mantecoso río bueno laminado granel 100 g,1036
Queso gauda soprole laminado 500 g,6490
Queso rallado colun reggianito 40 g,910
Queso chanco quillayes laminado 250 g,3000
Queso chacra quillayes 400 g,2750
Queso mantecoso río bueno laminado 500 g,6490
Quesillo colun con sal pote 2 un de 160 g,2190
Queso crema philadelphia untable 180 g,3750
Queso gauda calo laminado 233 g,3000
Queso mantecoso quilque soprole laminado 500 g,6750
Queso crema philadelphia untable pote 150 g,2590
Queso crema colun natural 200 g,1690
Queso granulado la vaquita 250 g,3000
Quesillo quillayes pote 150 g,1000
Queso rallado parmesano quillayes 40 g,890
Queso crema tradicional los peumos 226 g,3090
Queso cheddar los alerces para fundir 160 g,2060
Queso mantecoso las parcelas de valdivia trozo 450 g,6090
Queso mantecoso las parcelas de valvidia lámina gruesa 470 g,5990
Queso camembert quillayes 100 g,3000
Queso mozzarella hebras soprole 400 g,5890
Queso mantecoso las parcelas de valdivia trozo granel 300 g,4308
Queso chanco las parcelas laminado 434 g,5790
Queso rallado colun parmesano 40 g,1050
Queso mozzarella quillayes granulado 200 g,3490
Queso mantecoso las parcelas de valdivia trozo 350 g,5290
Queso fresco colun light sin lactosa 400 g,2800
Queso mantecoso quilque soprole laminado 250 g,4120
Queso crema futaleufú 190 g,2450
Queso mantecoso quillayes laminado 250 g,3200
Queso fresco la vaquita bolsa 400 g,3100
Queso camembert soprole 125 g,2690
Queso crema colun salame 200 g,1690
Queso crema mascarpone granarolo 500 g,8190
Queso mantecoso quilque soprole lámina gruesa 416 g,5850
Queso fresco los tilos 350 g,2820
Queso mantecoso quilque soprole laminado granel 100 g,1300
Queso ahumado los tilos 150 g,3490
Queso azul soprole 100 g,2590
Queso gauda calo laminado 467 g,6150
Queso de cabra callaqui suave 200 g,5950
Queso rallado colun parmesano 80 g,1990
Queso quillayes línea vegana gauda 10 láminas 200 g,3990
Queso mantecoso quilque soprole trozo 350 g,4290
Queso mantecoso rio bueno sin lactosa trozo granel 300 g,3540
Queso brie soprole 125 g,2690
Queso crema colun natural 100 g,990
Mantequilla soprole con sal 250 g,2490
Mantequilla colun con sal pan 250 g,3150
Mantequilla surlat con sal 200 g,2000
Mantequilla calo con sal pan 250 g,2990
Mantequilla colun untable con sal pote 200 g,3250
Mantequilla los peumos con sal 250 g,2630
Mantequilla de maní waitrose con trocitos 340 g,3360
Mantequilla parcelas de valdivia 200 g,2490
Mantequilla fundo los alerces con sal pan 250 g,3100
Mantequilla colun con sal pan 125 g,1740
Mantequilla de maní waitrose suave 340 g,3160
Mantequilla de maní nutrisa 400 g,4390
Mantequilla soprole con sal 125 g,1730
Mantequilla soprole sin sal 250 g,3740
Mantequilla untable soprole pote 350 g,5950
Mantequilla de maní smutter original 450 g,5950
Mantequilla colun sin sal pan 250 g,3970
Mantequilla calo untable pote 350 g,5190
Mantequilla loncoleche con aceite de canola pote 250 g,4490
Mantequilla de maní smutter extra crunch 450 g,5950
Mantequilla loncoleche sin colesterol pan 250 g,3720
Mantequilla de campo kumey 250 g,3770
Mantequilla untable soprole pote 200 g,3990
Mantequilla surlat sin lactosa 200 g,3750
Mantequilla soprole con sal de mar 250 g,3880
Mantequilla soprole receta de campo 250 g,3170
Mantequilla de campo futaleufú pan 200 g,3190
Mantequilla sin lactosa quillayes 200 gr,3990
Mantequilla calo con sal pan 125 g,1840
Mantequilla con sal quillayes 200 g,2590
Mantequilla don ricardo pan 250 g,3400
Mantequilla de maní smutter banana protein vegana 450 g,7690
Mantequilla de almendras smutter creamy almond 220 g,5950
Mantequilla ghee clarificada manare 450 ml,13650
Mantequilla de maní smutter cookies&cream 450 g,7190
Mantequilla de almendras manare 200g,7790
Margarina qualy cremosa pote 500 g,1890
Margarina soprole mix con mantequilla pote 500 g,3290
Galleta costa mini mantequilla 35 gr,4 x 1000
Galletas costa mantequilla 140 g,710
Galleta salada club social sabor mantequilla 216 g,2 x 3000
Margarina soprole pote 500 g,2290
Margarina soprole 250 g,1050
Galletas mckay mantequilla mini 40 g,4 x 1000
Margarina deline pote 500 g,1390
Crema avellana cacao nusco 350 g,5250
Margarina sureña pote 900 g,5000
Margarina calo mix pote 350 g,2000
Margarina calo con leche pote 450 g,1850
Crema de avellanas nutella 350 g,8490
Salsa de tomate italiana merkat doypack 200g,3 x 999
Salsa de tomate doña clara italiana 200 g,2 x 1000
Salsa de tomate nuestra cocina 6 un de 200 g,3590
Salsa de tomate maggi tuco con carne lata 245 g,1490
Salsa de tomate san remo italiana sachet 200 g,570
Salsa de tomate lucchetti mamma mía bolognesa 200 g,3 x 2001
Salsa de tomate pomarola italiana 200 g,860
Salsa de tomate lucchetti mamma mía napolitana 200 g,3 x 2001
Salsa de tomate carozzi toscana bolognesa 200 g,990
Salsa de tomate lucchetti mamma mía mediterránea 200 g,3 x 2001
Salsa de tomate nuestra cocina natural 1 kg,2000
Salsa de tomate nuestra cocina italiana 1 kg,2000
Salsa de tomate pomarola casera 200 g,1030
Salsa de tomate pomarola natural 200 g,860
Salsa de tomate nuestra cocina con carne 200 g,720
Salsa de tomate nuestra cocina italiana 200 g,720
Salsa de tomate cirio passatta italiana frasco 680 g,3990
Salsa de tomate nuestra cocina natural 200 g,720
Salsa de tomate carozzi toscana arrabbiata 200 g,990
Salsa de tomate pomarola italiana 800 g,3050
Salsa de tomate maggi tuco con albahaca lata 245 g,1670
Salsa de tomate carozzi toscana oliva 200 g,990
Salsa de tomate talliani passata natural 700 g,4500
Salsa de tomate waitrose albahaca frasco 340 g,1990
Salsa de tomate pomarola pizza 200 g,1030
Salsa de tomate maggi tuco con pollo lata 245 g,1670
Salsa de tomate nuestra cocina albahaca 420 g,3840
Salsa de tomate malloa italiana 200 g,960
Salsa de tomates toscana carozzi vegetariana tipo bolognesa doypack 200 g,990
Salsa de tomate heinz albahaca frasco 350 g,4190
Salsa de tomate nuestra cocina parmesana 420 g,3840
Salsa de tomate lucchetti natural 200 g,820
Salsa de tomate lucchetti italiana 200 g,820
Salsa de tomate ragu lista tradicional 680 g,4990
Salsa de tomate nuestra cocina arrabiata 420 g,3840
Tomate triturado negroni 475 g,4390
Salsa tomate lucchetti albahaca 200 g,860
Salsa de tomate ragú sabor carne 677 g,4990
Salsa de tomate carozzi toscana al pesto 200 g,990
Salsa de tomate ragu lista vegetales 680 g,4990
Salsa de tomates wasil italiana 180 g,690
Salsa de tomate malloa al natural 200 g,960
Pack salsa de tomate pomarola italiana 6 un de 200 g,3350
Pack salsa de tomate malloa italiana 6 un de 200 g,3840
Pasta tortellini carozzi tomate mozzarella y albahaca 400 g,2350
Pack salsa de tomate lucchetti italiana 6 un de 200 g,3990
Puré de tomate de la huerta 530 g,1830
Pack salsa de tomate tuco maggi con carne 4 un de 245 g,5990
Sardinas van camp's salsa de tomate lata 425 g neto - 298 g drenado,4090
Atún lomito robinson crusoe en salsa de tomate 160 g neto - 104 g drenado,1950
Sopa de pollo maggi con fideos sobre 70 g,3 x 1251
Sopa maggi pollo con sémola sobre 68 g,590
Sopa maggi sabor pollo con arroz sobre 70 g,590
Sopa nuestra cocina pollo con fideos 70 g,450
Sopa para uno maggi consomé de pollo sobre 12 g,530
Sopa nuestra cocina pollo con arroz 70 g,450
Sopa de pollo con fideos gourmet sobre 70 g,650
Sopa nuestra cocina pollo con sémola 68 g,450
Sopa para uno maggi sabor pollo con fideos 16 g,530
Sopa maggi solo para uno pollo con merkén16 g,550
Jugoso al horno maggi pollo a las finas hierbas 24 g,2 x 1750
Jugoso al horno maggi pollo mediterráneo sobre 25 g,2 x 1750
Crema maggi sabor pollo sobre 72 g,2 x 1090
Pasta express nuestra cocina sabor pollo 85 g,490
Pasta ramen instantanea sabor pollo nissin 85g,690
Fideos instantáneos maruchan pollo pote 64 g,1390
Base maggi pollo crispy sobre 80 g,780
Fideos instantáneos nuestra cocina sabor pollo pote 65 g,890
Fideos instantáneos maruchan pollo 85 g,770
Consomé sabor pollo maggi 50 g,630
Base gourmet pollo crispy 80 g,920
Fideos instantáneos noodles nissin sabor pollo pote 69 g,1470
Consomé gourmet solo para uno pollo sobre 15 g,490
Crema nuestra cocina pollo 72 g,510
Porterhouse trozado vacuno (filete y lomo liso con hueso) premium al vacío 800 g,15192
Carne molida 4% grasa vacuno tártaro fundo río alegre congelado 500 g,2 x 9690
Carne molida fundo rio alegre corriente 10% grasa 500g,5590
Hamburguesas vacuno la crianza 100 gr,4 x 3000
Posta paleta vacuno al vacío 1.7 kg,16133
Entrañita picoteo usa swift al vacío 500 g,12495
Sobrecostilla vacuno al vacío 1.4 kg,13286
Escalopa de posta negra vacuno fundo rio alegre envasado 400 g,5996
Carne molida fundo rio alegre tartaro 4% grasa 500g,7590
Lomo vetado vacuno al vacío 1.3 kg,22607
Escalopa de vacuno kayser receta del abuelo 120 g,1000
Hamburguesa vacuno la crianza premium 1 kg,10550
Abastero vacuno importado al vacío 1.5 kg,14235
Huachalomo vacuno categoría v al vacío 1.7 kg,16133
Lomo vetado vacuno al vacío 1.5 kg,24435
Posta negra vacuno al vacío 2.2 kg,22858
Filete vacuno al vacío 2.0 kg,40380
Lomo vetado vacuno friboi black angus al vacío 1.4 kg,34986
Carne molida 10% grasa vacuno fundo río alegre corriente 250 g,2990
Lomo liso vacuno al vacío 1.4 kg,22806
Carne molida 4% grasa vacuno fundo río alegre tártaro 250 g,4090
Lomo liso vacuno al vacío 1.3 kg,19747
Sobrecostilla vacuno al vacío 1.4 kg,14546
Tapapecho vacuno al vacío 2.2 kg,19778
Hamburguesa vacuno fundo rio alegre 4 un de 120 g,3000
Albóndigas de vacuno super beef 150 g,1390
Carne molida fundo rio alegre especial 7% grasa 500g,6590
Bife lomo liso americano swift al vacío 400 g,9996
Abastero vacuno al vacío 1.5 kg,15585
Hamburguesa vacuno la crianza mastodonte 185 g,1700
Huachalomo vacuno al vacío 1.3 kg,13507
Filete vacuno bagual negro al vacío 2.1 kg,62979
Hamburguesa vacuno y cerdo san jorge 10 un bolsa 900 g,5350
Picado nestlé naturnes cazuela de vacuno 250 g,2 x 4000
Filete vacuno friboi black angus al vacío 2.8 kg,67732
Asado americano vacuno friboi black angus al vacío 1.8 kg,25722
Hamburguesa vacuno receta del abuelo tradicional 100 g,890
Tapapecho vacuno argentina anb al vacío 1.2 kg,13188
Asiento vacuno al vacío 2.7 kg,36693
Hamburguesa vacuno y cerdo san jorge 90 g,5 x 3000
Hamburguesa vacuno san jorge bronto 185 g,1090
Asado de tira sin hueso vacuno friboi black angus al vacío 2.9 kg,59131
Ganso vacuno friboi black angus al vacío 1.9 kg,18981
Entraña vacuno blue ribbon al vacío 1.1 kg,32989
Punta de ganso vacuno argentino categoría v al vacío 1.2 kg,19548
Choclillo vacuno importado al vacío 1.5 kg,14385
Asiento bombom vacuno friboi black angus al vacío 1.4 kg,19586
Punta paleta vacuno azul natural beef premium al vacío 2.1 kg,46179
Punta paleta vacuno al vacío 2.6 kg,27014
Bife lomo liso vacuno fundo rio alegre porcionado 500 g,8995
Filetitos de pechuga de pollo super pollo congelado 700 g,5990
Filetitos de pollo super pollo bandeja 350 g,2390
Filetitos de pechuga de pollo super pollo deshuesado al natural 700 g,5790
Filetitos de pechuga de pollo super pollo congelado 1.5 kg,14990
Filetitos de pollo super pollo 830 g,6590
Filetitos de pollo super pollo bandeja 530 g,4390
Filetitos de pollo la crianza bolsa 400 g,5670
Filetitos de pollo super pollo bandeja 830 g,7290
Filetitos de pollo sadía congelados 1 kg,5990
Pechuga entera de pollo super pollo granel 1 kg,4890
Pechuga de pollo deshuesada super pollo granel 700 g,4333
Pechuga deshuesada de pollo super pollo congelado 700 g,5990
Pechuga de pollo deshuesada fundo río alegre congelada 800 g,3990
Filete de pollo fundo río alegre congelado 800 g,3990
Pechuga entera de pollo ariztía granel 1 kg,4890
Pechuga de pollo deshuesada super pollo 850 g,5850
Tiritas de pechuga de pollo super pollo congelado 700 g,5990
Bistec de pechuga de pollo super pollo 530 g,4190
Pechuga de pollo super pollo iqf deshuesada al natural 700 g,5790
Churrasco de pollo super pollo 350 g,2790
Pechuga de pollo deshuesada ariztía granel 700 g,4333
Pechuga deshuesado super pollo congelado bolsa 1.5 kg,14990
Pechuga de pollo entera super pollo 0.950 kg,5026
Pechuga de pollo deshuesada ariztía bandeja 500 g,3990
Tiritas de pollo super pollo 350 g,2890
Cubitos de pollo super pollo congelado bolsa 500 g,4190
Filetillos de pollo ariztía bandeja 480 g,3890
Pechuga de pollo deshuesada ariztía bandeja 850 g,6990
Pechuga deshuesada de pollo super pollo 780 g,7190
Filetillos de pollo ariztía congelado 650 g,6290
Pechuga deshuesada de pollo ariztía congelado 700 g,6290
Pechuga de pollo entera ariztía (0.6 a 0.9 kg),5211
Filetillos de pollo ariztía bandeja 830 g,6790
Pechuga pollo deshuesada sadía congelada 1 kg,5490
Avena vivo instantánea 800 g,2000
Avena nuestra cocina tradicional 700 g,2000
Avena nuestra cocina instantánea 700 g,2000
Avena nuestra cocina multisemillas 700 g,2000
Avena quaker instantánea 700 g,2780
Avena nuestra cocina instantánea 400 g,1500
Avena quaker multisemillas proteina 346 g,4990
Avena the power of food integral sin gluten 1 kg,6290
Avena integral nutrisa 600 g,2200
Avena quaker tradicional 700 g,2780
"Avena quaker multisemillas linaza, sésamo y chía 600 g",4020
Avena selecta instantánea 800 g,2570
Avena multisemillas vivo 4 semillas 700 g,3360
"Avena quaker multisemillas pasas, manzana y linaza 600 g",4020
Avena vivo 4 semillas + berries 550 g,3360
Avena quaker instantánea 400 g,2240
Avena instantánea vivo caja 400 g,1790
Avena quínoa vivo 600 g.,3360
Avena instantánea granel 200 g,496
Avena machacada portal del sur 400 g,1460
Avena machacada portal del sur 800 g,2260
Jabón líquido ballerina avena y aceite de almendras doypack 1.3 l,1790
Jabón líquido simonds dermo care avena 1.5 l,2790
Cereal vivo check cacao 360 g,2790
Compota my way orgánica manzana plátano avena 90 g,5 x 3000
Tortilla wraps vivo con avena xl 6 un bolsa 264 g,2550
Cereal vivo check 3 cereales 360 g,2790
Cereal vivo check sabor yoghurt 350 g,2790
Harina de avena selecta integral 850 g,2560
Crema corporal simond's dermocream avena orgánicas humectante 400 ml,4250
Galletón nutrabien avena y manzana 4 un de 40 g,2000
Galletón nutrabien avena y pasas 4 un de 40 g,2000
Leche soprole semidescremada con avena 1 l,1350
Granola nuestra cocina miel almendras 370 g,2450
Cereal corn flakes 480 g,4070
Galletón kooki tika avena y berries 3 un de 30 g,2250
Granola quaker avena almendra y miel 320 g,2800
Yoghurt soprole protein con avena 155 g,790
Granola vivo sabor miel&almendras 330 g,2780
Granola vivo sabor berries 330 g,2780
Granola nuestra cocina miel cranberries 370 g,2450
Cereal fitness nestlé hojuela integral 330 g,3280
Cereal quadritos quaker avena original 320 g,3890
Jabón líquido simond´s dermo care avena 1 lt,2790
Granola wild protein crunchy mix 300 g,6150
Cereal vivo proteína granola cacao 300 g,4760
Cereal vivo line costa hojuelas integrales y berries 320 g,3130
Granola mizos mix semillas 250 g,4530
Muesli en línea proteína con cacao 600 g,5590
Cereal fitness miel y almendras 330 g,3740
Pan de molde castaño blanco xl 700 g,2000
Pan de molde ideal blanco 580 g,2000
Pan molde ideal blanco grande xl bolsa 750 g,2890
Pan de molde blanco xl amada masa 750 g,2510
Pan molde cena blanco xl 740g,2530
Pan molde la selecta miga blanco 450 g,3590
Pan molde ideal cero cero blanco 580 g,3190
Pan pita ideal blanco 8 un bolsa 344 g,1950
Pan de molde blanco castaño xl sin lactosa bolsa 770 g,2890
Pan molde castaño miga sándwich blanco sin bordes bolsa 440 g,4090
Pan de molde schar blanco sin gluten 200 g,4190
Pan pita blanco granel amada masa 500 g,1475
Pan molde ideal blanco sin bordes 400 g,3490
Pan pita castaño blanco bolsa 8 un,1950
Pan de molde la selecta familiar blanco 800 g,3650
Pan bauducco blanco 390 g,2090
Pan de molde ideal blanco 380 g,1890
Pan de molde vollkorn blanco sin orilla 405 g,3990
Pan molde castaño blanco 400 g,1690
Pan de molde blanco no + gluten 600 g,5990
Pan molde la selecta blanco familiar bolsa 580 g,2550
Pan de molde blanco pan pierre familiar bolsa 580 g,2850
Pan pita ideal blanco cero cero 8 un,1850
Pan crostini vollkorn tostado blanco bolsa 134 g,2890
Pan pita blanco embolsado amada masa 8 un,1550
Pan pita blanco empacado prosepan 5 un,1690
Pan pita blanco prosepan granel 500 g,1475
Pan molde guillermina sandwich blanco 800 g,2490
Pan molde blanco guillermina 580 g,2090
Mini tostadas pan blanco amada masa 350 g,3870
Mini toast castaño blanco doy pack 100 g,2690
Jurel san josé al natural lata 425 g neto - 300 g drenado,2000
Jurel san josé al natural reducido en sal lata 425 g neto - 300 g drenado,2940
Café nescafé tradición lata 170 g,4890
Café nescafé dolca lata 170 g,3450
Café instantáneo liofilizado nescafé fina selección frasco 100 g,5670
Café instantáneo nescafé decaf lata 170 g,6000
Café nescafé fina selección frasco 200 g,11690
Café liofilizado marley wake up & live frasco 100 g,7640
Café instantáneo liofilizado nescafé fina selección origins alta rica frasco 100 g,6690
Café instantáneo nescafé fina selección espresso frasco 100 g,7190
Café cruzeiro liofilizado frasco 170 g,7890
Café instantáneo liofilizado nescafé fina selección origins colombia frasco 100 g,6690
Café nescafé tradición lata 400 g,12850
Café instantáneo nescafé tradición 3 en 1 caja 8 un de 24 g,3400
Café molido orgánico marley buffalo soldier 227 g,11610
Café cappuccino marley vainilla soul rebel 8 un caja 160 g,5280
Café lavazza prontissimo clásico 95 g,8420
Café molido d´aroma forte 250 g,4760
Café molido orgánico marley one love 227 g,11610
Café soul rebel marley chai latte tea 8 un caja 160 g,5280
Café instantáneo nescafé tradición lata 100 g,4990
Café molido orgánico marley misty morning 227 g,11610
Café cappuccino marley classic soul rebel 8 un caja 160 g,5280
Café molido waitrose italiano 227 g,6750
Café cappuccino nescafé 8 un de 14 g,4310
Café waitrose colombiano molido 227 g,6750
Café cápsulas espresso lavazza classico 10u,6550
Café cápsulas espresso lavazza intenso 10u,6550
Café molido lavazza qualita oro 250 g,14940
Café molido copacabana 250 g,4880
Café cápsulas lavazza qualita oro 10u,6550
Café instantáneo granulado nescafé tradición frasco 170 g,8590
Café soluble liofilizado juan valdez clásico frasco 50 g,11390
Café nuestra cocina instantáneo lata 170 g,5490
Café nescafé doble choca moka 8 un de 23 g,4310
Café instantáneo nuestra cocina frasco 170 g,6850
Café instantáneo nuestra cocina liofilizado frasco 170 g,6690
Café instantáneo jacobs cronat gold liofilizado frasco 200 g,14050
Café nescafé tradición lata 50 g,2790
Café molido haití mezcla súper moka 250 g,5090
Café en grano waitrose colombian 227 g,5990
Café instantáneo ecco 100% cereal lata 100 g,3170
Café instantáneo akbar premium gold frasco 100 g,5750
Café soluble liofilizado juan valdez descafeinado frasco 95 g,19890
Café nescafé vainilla latte 8 un de 18.5 g,4310
Café liofilizado marley orgánico positive vibration frasco 100 g,10750
Café molido d'aroma mezcla excelsor 250 g,5490
Café instantáneo liofilizado nescafé fina selección frasco 50 g,4640
Café molido melitta especial 500 g,11990
Café nescafé black roast frasco 170 g,8750
Café soluble liofilizado juan valdez clásico frasco 190 g,28290
Café en grano d'aroma mezcla forte 250 g,5350
Té lipton yellow label 20 bolsitas,1000
Té supremo canela 20 bolsitas,1000
Té aromas ceylán 100 bolsitas,2650
Té supremo premium ceylán 100 bolsitas,5150
Té ceylán blend nuestra cocina caja 100 un,2000
Té negro finest blend nuestra cocina 100 bolsitas,2390
Té mildred ceylán 100 bolsitas,3180
Té waitrose 80 bolsitas circulares,4780
Té nuestra cocina ceylán blend caja 20 un,1000
Té chai twining's 10 bolsitas,2520
Té supremo pirámide rooibos vainilla 10 un,1790
Té chai bags waitrose 50 un,3490
Té negro twinings lady grey 10 un,2490
Té dilmah english breakfast 10 bolsitas,2350
Té negro dilmah sabor mango frutilla 10 un,2290
Té negro dilmah sabor arándano vainilla 10 un,2290
Té ceylán nuestra cocina blend caja 50 un,1890
Té negro royal blend nuestra cocina 125 g,1200
Té negro dilmah sabor caramelo 10 un,2290
Té negro dilmah sabor manzana canela 10 un,2290
Té lipton yellow label 100 bolsitas,6890
Té supremo mystic ceylán 80 bolsitas,3980
Té supremo premium ceylán 50 bolsitas,3060
Té en hojas mildred tea ceylán bolsa 250 g,2930
Té waitrose english breakfast 50 bolsitas,3970
Té en hojas supremo superior ceylán 500 g,6550
Té dilmah pure ceylon 100 bolsitas,7590
Té supremo mystic ceylan 50 bolsitas,2560
Té helado negro lipton sabor durazno 1.5 l,2100
Té emblem ceylán 100 bolsitas,2800
Té helado negro lipton sabor frambuesa sin azúcar 1.5 l,2100
Té en hojas orjas instantáneo lata 30 g,1810
Té waitrose earl grey 50 bolsitas,4960
Te chai supremo 20 bolsitas,2930
Té supremo ceylán oro 100 bolsitas,4310
Té helado verde lipton sabor limón sin azúcar 1.5 l,2100
Té helado negro lipton sabor limón 1.5 l,2100
Té rooibos bags waitrose 80 un,5050
Té verde butterfly brand grasspan 20 bolsitas,1530
Té helado livean sabor durazno 1.5 l,2090
Té verde supremo frutos del bosque 20 bolsitas,1940
Té negro twining's english beakfast 50 bolsitas,8490
Té supremo surtido 6 sabores 20 bolsitas,2410
Té verde supremo con matcha 20 bolsitas,2430
Té supremo premium earl grey 20 bolsitas,2930
Té supremo manzana canela 20 bolsitas,1940
Te verde surtido supremo 75 un,7290
Té twining's earl grey 50 bolsitas,8490
Té en hojas supremo superior ceylán bolsa 250 g,3670
Té mildred tea ceylán 20 bolsitas,1160
Yoghurt colun frutilla 125 g,9 x 1998
Yoghurt colun vainilla 125 g,9 x 1998
Yoghurt colun mora 125 g,9 x 1998
Yoghurt colun piña 125 g,9 x 1998
Yoghurt colun frambuesa 125 g,9 x 1998
Yoghurt batido yoghito frutilla 120 g,8 x 2000
Yoghurt batido yoghito plátano 120 g,8 x 2000
Yogurt batido yogu yogu mora 6 un de 115 ml,2000
Yoghurt batido yoghito vainilla 120 g,8 x 2000
Yoghurt batido yoghito damasco 120 g,8 x 2000
Yoghurt batido soprole natural 155 g,480
Yogurt batido yogu yogu frutilla 6 un de 115 ml,2000
Yoghurt origen colun natural 120 g,380
Yoghurt batido colun light sin azúcar frutilla 120 g,330
Yoghurt batido nestlé frutilla 115 g,8 x 2000
Yoghurt batido calan frutilla bolsa 700 g,1000
Yoghurt batido nestlé damasco 115 g,8 x 2000
Yoghurt batido nestlé vainilla 115 g,8 x 2000
Yoghurt batido colun light sin azúcar vainilla 120 g,330
Yoghurt soprole sin azúcar frutilla 120 g,330
Yoghurt batido colun light sin azúcar chirimoya 120 g,330
Yoghurt batido colun natural no endulzado sin lactosa 120 g,430
Yoghurt batido soprole zerolacto sin lactosa frutilla pote 120 g,360
Yoghurt light colun natural 120g,330
Yoghurt sin lactosa soprole vainilla 120 g,360
Yoghurt colun origen sabor frutilla pote 120 g,380
Yoghurt soprole sin azúcar vainilla 155 g,580
Yoghurt soprole 1+1 pote 155 g,520
Yoghurt soprole sin azúcar vainilla 120 g,330
Yoghurt batido soprole surtido 12 un de 120 g,3100
Yoghurt colun origen chirimoya 120 g,380
Yoghurt batido soprole kefir berries 155 g,550
Yoghurt batido colun light frambuesa 120 g,330
Yoghurt soprole sin azúcar natural endulzado 120 g,340
Yoghurt batido soprole frutilla bolsa 1 kg,1830
Yoghurt batido yoghito soprole vainilla tetra 115 g,430
Yoghurt batido sin lactosa soprole frutilla bolsa 1 kg,2190
Yoghurt batido soprole natural 3 ingredientes 155 g,390
Yoghurt batido colun light mora 120 g,330
Yoghurt batido soprole chirimoya 165 g,520
Yoghurt sin lactosa soprole chirimoya 120 g,360
Yoghurt batido soprole vainilla bolsa 1 kg,1830
Yoghurt light colun vainilla 120g,330
Yoghurt batido colun light damasco 120 g,330
Yoghurt batido sin lactosa soprole chirimoya bolsa 1 kg,2190
Yoghurt calán semidescremada frutilla 110 g,270
Yoghurt batido colun light sin lactosa chirimoya 120 g,350
Yoghurt light colun frutilla 120g,330
Yoghurt batido soprole con avena 155 g,520
Yoghurt batido yoghito mora 120 g,Precio no disponible
Jalea gourmet sin sabor 30 g,1470
Jalea livean berries libre de azúcar 20 g,900
Jalea livean piña libre de azúcar 20 g,900
Jalea livean naranja libre de azúcar 20 g,900
Puré de papas maggi 187 g,2090
Puré de papas maggi 751 g,6390
Puré de papas nuestra cocina instantáneo caja 250 g,2030
Puré de papas nuestra cocina instantáneo bolsa 1 kg,7150
Puré de papas nuestra cocina instantáneo caja 125 g,1500
Puré de papas maggi 93 g,1790
Puré de papas hoffmann instantáneo con leche 1 kg,8590
Puré de papas hoffmann instantáneo con leche 250 g,2290
Harina mont blanc sin polvos 1 kg,1000
Harina merkat sin polvos de hornear 25 kg,17490
Harina merkat sin polvos 1 kg,910
Harina nuestra cocina sin polvos 1 kg,1000
Harina nuestra cocina con polvos 1 kg,1000
Harina merkat sin polvos 10 kg,7850
Harina selecta sin polvos 1 kg,1690
Harina mont blanc sin polvo 5 kg,6650
Polvos de hornear gourmet 100 g,1060
Harina mont blanc sin polvos 3 kg,4090
Harina selecta sin polvos 5 kg,7750
Harina merkat sin polvos 5 kg,4250
Harina collico sin polvos papel 5 kg,7190
Harina merkat sin polvos 3 kg,2690
Harina sin polvos collico para pan rústico 1 kg,1850
Harina mariposa sin polvos 1 kg,1370
Harina selecta sin polvos 3 kg,4750
Gelatina vivo berries libre de azúcar 22 g,660
Gelatina vivo piña libre de azúcar 22 g,660
Gelatina vivo naranja libre de azúcar 22 g,660
Gelatina vivo durazno libre de azúcar 22 g,660
Postre sémola ambrosoli sabor caramelo 150 g,1000
Flan ambrosoli vainilla 90 g,950
Postre crema ambrosoli chocolate nuss 100 g,950
Jalea gourmet sin sabor 30 g,1470
Jalea livean berries libre de azúcar 20 g,900
Levadura instantánea saf instant 500 g,3990
Levadura seca collico 125 g,2190
Jalea livean piña libre de azúcar 20 g,900
Levadura seca lefersa sobre 10 g,300
Jalea livean naranja libre de azúcar 20 g,900
Gelatina ambrosoli frambuesa 100 g,990
Levadura fresca collico 500 g,2750
Levadura collico sachet 10 g,280
Gelatina ambrosoli frutilla 100 g,990
Levadura collico pan 38 g,670
Levadura lefersa doy pack 125 g,2600
Gelatina ambrosoli cereza 100 g,990
Gelatina nuestra cocina con stevia sabor frambuesa 22.5 g,750
Levadura instantánea collico 500 g,6590
Gelatina nuestra cocina con stevia sabor frutilla 22.5 g,750
Flan vivo vainilla con caramelo 80 g,1190
Gelatina ambrosoli piña 100 g,990
Sémola vivo con caramelo 150 g,1190
Flan vivo chocolate con caramelo 90 g,1190
Levadura lefersa granulada doy pack 250 g,5090
Flan caricia chocolate con salsa caramelo 110 g,1030
Levadura fresca lefersa pan 500 g,2930
Gelatina nuestra cocina con stevia sabor piña 22.5 g,750
Gelatina ambrosoli naranja 100 g,990
Salchicha sureña pf 5 un 250 g,1000
Salchicha tradicional san jorge 20 un 1 kg,3690
Salchicha tradicional montina 20 un 1 kg,3650
Salchicha de pavo pf 5 un 250 g,1000
Salchichas de pollo pf 5 un 250 g,1000
Salchicha tradicional receta del abuelo 10 un 500 g,4000
Salchicha sureña san jorge 20 un 1 kg,3790
Salchicha premium receta del abuelo 5 un 250 g,2000
Vienesas sureña la preferida 10 un 500 g,3890
Salchichas sureñas receta del abuelo 250 g,2000
Salchichas veganas riku 250 g,2624
Salchicha sureña de pollo montina 20 un 1 kg,4260
Salchicha sureña receta del abuelo 10 un 500 g,4000
Salchichas vienesas llanquihue 10 un 500 g,6890
Salchicha sureña pf 20 un 1 kg,4190
Salchicha de pollo san jorge 20 un 1 kg,3690
Salchicha receta del abuelo premium 15 un 750 g,6190
Salchicha de pollo montina 20 un 1 kg,4690
Salchichas vienesas llanquihue 20 un 1 kg,13550
Salchichas vienesas llanquihue 5 un 250 g,3830
Salchicha artesanal montina campestre 250 g,1870
Salchicha tradicional san jorge 5 un 250 g,1290
Salchicha tradicional pf 20 un,4190
Salchicha de pavo pf 20 un 1 kg,4390
Salchichas pacel 20 un 1 kg,12450
Salchicha artesanal montina criolla 250 g,1870
Salchichas bronto san jorge 950 g,4940
Vienesa san jorge 380 g,1990
Salchicha sureña pf 10 un 500 g,2590
Salchicha de pavo san jorge 5 un 250 g,1350
Vienesas sin piel la preferida 7 un,3590
Salchicha sureña la preferida 5 un 250 g,2710
Salchichas pacel 6 un 250 g,3490
Salchicha de pollo montina 5 un 250 g,1490
Salchichas pacel 12 un 500 g,6890
Vienesas de pavo san jorge 20 un 1 kg,3990
Salchicha sureña winter 20 un 1 kg,3770
Salchicha sureña san jorge 5 un 250 g,1500
Salchicha tradicional winter 20 un 1 kg,3790
Salchicha de pollo winter 20 un 1 kg,3870
Salchicha tradicional winter 250 g,1250
Nothotdog vegetal notco 250 g,4150
Snack mini chorizo receta del abuelo 60 g,1540
Agua purificada benedictino sin gas bidón 6.5 l,2090
Agua purificada benedictino sin gas botella 3 l,2 x 2000
Agua mineral nestlé pure life sin gas bidón 6 l,2050
Agua mineral cachantun sin gas 1.6 l,3 x 2451
Agua purificada sin gas manantial 1.5 l,2 x 1500
Agua mineral cachantun sin gas 600 ml,2 x 1650
Agua mineral cachantun sin gas bidón 6 l,2150
Agua purificada benedictino sin gas botella 500 ml,900
Agua mineral vital sin gas botella 1.6 l,990
Agua purificada sin gas manantial 600ml,850
Agua purificada benedictino sin gas botella 1.5 l,930
Agua mineral vital sin gas botella 600 ml,940
Agua mineral cachantun sin gas 2.5 l,1540
Agua mineral evian sin gas 500 ml,1990
Agua mineral puyehue sin gas 500 ml,990
Agua mineral puyehue sin gas 1.5 l,1200
Agua mineral acqua panna sin gas 750 ml,1790
Agua purificada benedictino sin gas botella 2 l,1090
Agua mineral awa solar sin gas lata 355 ml,1350
Leche en polvo nido entera tarro 1.350 g,10290
Leche entera natural colun sin tapa 1 l,1050
Leche entera natural surlat 1 l,1000
Leche semidescremada colun sin tapa 1 l,1050
Leche semidescremada natural surlat 1 l,1000
Leche semidescremada colun sabor chocolate 1 l,1450
Fórmula láctea nido etapa 1+ tarro 1.350 kg,15490
Leche entera natural soprole 1 l,1190
Crema de leche lista loncoleche sin lactosa tetra 200 ml,1000
Leche semidescremada sin lactosa loncoleche con tapa 1 l,1250
Leche descremada colun 1 l,1050
Leche descremada natural surlat 1 l,1000
Leche semidescremada colun sabor chocolate 200 ml,6 x 2898
Leche descremada sin lactosa loncoleche con tapa 1 l,1250
Bebida láctea nido buen día semidescremada bolsa 700 g,6090
Leche en polvo nido 1+ nutri esencial 500 g,3390
Leche entera sin lactosa loncoleche con tapa 1 l,1250
Leche en polvo nido etapa 3+ tarro 1.350 kg,17350
Leche semidescremada natural soprole 1 l,1190
Leche semidescremada soprole chocolate 1 l,1290
Leche semidescremada colun sabor frutilla 200 ml,6 x 2898
Leche cultivada next soprole frutilla 1 l,1890
Leche en polvo svelty descremada bolsa 800 g,6390
Yoghurt loncoleche protein natural endulzado 140 g,670
Leche en polvo colun entera instantáneo doypack 900 g,8290
Leche descremada sin lactosa colun 1 l,1350
Leche semidescremada colun sabor vainilla 200 ml,6 x 2898
Leche cultivada next soprole chirimoya 1 l,1890
Leche descremada light colun sabor chocolate 200 ml,6 x 3240
Leche en polvo nido semidescremada chocolate 700 g,8000
Leche semidescremada soprole chocolate requetepatitas 1 l,1290
Leche en polvo nido etapa 5+ tarro 1.350 kg,17350
Leche sin lactosa descremada soprole 1 l,1250
Leche en polvo nido semidescremada sin lactosa bolsa 700 g,9000
Leche en polvo soprole entera instantánea 800 g,6490
Leche semidescremada colun sabor frutilla sin tapa 1 l,1450
Leche chocolate fortificada milo 200 ml.,6 x 3300
Leche semidescremada soprole frutilla 1 l,1290
Fórmula láctea nido etapa 1+ bolsa 700 g,8650
Fórmula láctea nido etapa 1+ bolsa 1.9 kg,18650
Leche en polvo soprole semidescremada 700 g,5450
Leche semidescremada colun sabor vainilla sin tapa 1 l,1450
Leche descremada sin lactosa surlat 1 l,1400
Leche entera loncoleche sin tapa 1 l,1160
Leche descremada natural soprole 1 l,1190
Leche en polvo nido semidescremada bolsa 700 g,7800
Yoghurt loncoleche protein frutilla 140 g,670
Leche entera los peumos 1 l,1040
Leche en polvo alcafood entera instantánea bolsa 800 g,6150
Crema de leche loncoleche sin lactosa 3 un de 200 ml,3870
Jugo en polvo livean frutilla rinde 1 l,5 x 1000
Jugo en polvo livean melón tuna rinde 1 l,5 x 1000
Jugo en polvo livean piña rinde 1 l,5 x 1000
Jugo en polvo vivo piña rinde 1 l,10 x 2000
Jugo en polvo livean mango rinde 1 l,5 x 1000
Jugo en polvo vivo berries rinde 1 l,10 x 2000
Jugo en polvo zuko naranja plátano rinde 1 l,5 x 1000
Jugo en polvo vivo naranja rinde 1 l,10 x 2000
Jugo en polvo livean manzana rinde 1 l,5 x 1000
Jugo en polvo zuko piña rinde 1 l,5 x 1000
Jugo en polvo zuko frutilla rinde 1 l,5 x 1000
Jugo en polvo livean naranja rinde 1 l,5 x 1000
Jugo en polvo livean papaya rinde 1 l,5 x 1000
Jugo en polvo livean maracuyá rinde 1 l,5 x 1000
Jugo en polvo zuko frambuesa rinde 1 l,5 x 1000
Jugo en polvo zuko naranja rinde 1 l,5 x 1000
Jugo en polvo zuko melón tuna rinde 1 l,5 x 1000
Jugo en polvo zuko durazno rinde 1 l,5 x 1000
Jugo en polvo livean limonada rinde 1 l,5 x 1000
Jugo en polvo vivo frutilla rinde 1 l,10 x 2000
Jugo en polvo livean berries rinde 1 l,5 x 1000
Jugo en polvo vivo limonada rinde 1 l,10 x 2000
Jugo en polvo zuko manzana rinde 1 l,5 x 1000
Jugo en polvo zuko limón dulce rinde 1 l,5 x 1000
Jugo en polvo livean durazno rinde 1 l,5 x 1000
Jugo en polvo vivo mango rinde 1 l,10 x 2000
Jugo en polvo vivo manzana rinde 1 l,10 x 2000
Jugo en polvo zuko huesillo rinde 1 l,5 x 1000
Jugo en polvo livean huesillo rinde 1 l,5 x 1000
Jugo en polvo vivo durazno rinde 1 l,10 x 2000
Jugo en polvo vivo equillibrio arándano ciruela rinde 1 l,10 x 2000
Jugo en polvo zuko mango rinde 1 l,5 x 1000
Jugo en polvo vivo durazno huesillo rinde 1 l,10 x 2000
Jugo en polvo sprim multifrut rinde 1 l,4 x 1000
Jugo en polvo vivo maracuyá rinde 1 l,10 x 2000
Jugo en polvo sprim melón tuna rinde 1 l,4 x 1000
Jugo en polvo sprim frambuesa rinde 1 l,4 x 1000
Jugo en polvo sprim naranja rinde 1 l,4 x 1000
Jugo en polvo sprim frutilla rinde 1 l,4 x 1000
Jugo en polvo sprim papaya rinde 1 l,4 x 1000
Jugo en polvo sprim durazno rinde 1 l,4 x 1000
Jugo en polvo livean té verde limón rinde 1 l,5 x 1000
Jugo en polvo sprim piña rinde 1 l,4 x 1000
Jugo en polvo vivo pera rinde 1 l,10 x 2000
Jugo en polvo vivo papaya rinde 1 l,10 x 2000
Jugo en polvo livean radiante sabor alore vera y uva rinde 1 l,360
Bebida en polvo zuko go light blue rinde 1 l,520
Papel higiénico confort doble hoja 4 un de 22 m,1000
Papel higiénico confort familiar una hoja 8 un (120 m),10850
Papel higienico nubelin 8 un (120 m),7990
Papel higiénico elite ultra doble hoja 8 un (50 m),8050
Papel higiénico confort doble hoja 40 un de 22 m,12550
Papel higiénico nubelin doble hoja 40 un (25 m),12490
Papel higiénico favorita sensación doble hoja 40 un de 22 m,11990
Papel higiénico confort doble hoja 24 un (22 m),9290
Papel higiénico nubelin doble hoja 12 un (50 m),2 x 17590
Papel higiénico confort doble hoja rendiplus 12 un de 27 m,5690
Papel higiénico scott rindemax doble hoja 6 un de 22 m,2000
Papel higiénico confort una hoja 4x40m,2 x 3700
Papel higiénico elite soft & strong triple hoja 12 un (40 m),14450
Papel higiénico confort súper doble hoja 8 un (40 m),6590
Papel higiénico nubelin doble hoja 24 un de 22 m,7590
Papel higiénico elite ultra doble hoja 4 un de 25 m,2000
Papel higiénico nubelin premium doble hoja 4 un de 25 m,2000
Papel higiénico nubelin doble hoja 4 un de 24 m,1000
Papel higiénico elite ultra doble hoja 4 un (50 m),4290
Papel higiénico elite ultra doble hoja 18 un (40 m),12490
Papel higiénico favorita acolchado doble hoja 24 un de 22 m,8250
Papel higiénico noble doble hoja 16 un de 23 m,5790
Papel higiénico elite soft & strong triple hoja 4 un (40 m),4450
Papel higiénico noble doble hoja 40x22m,13790
Porta rollo de papel higiénico nuevo hogar,7490
Jabón líquido ballerina avena y aceite de almendras doypack 1.3 l,1790
Jabón líquido simonds dermo care hygienic 1.5 l,2790
Jabón líquido dove crema humectante 700 ml,2750
Jabón líquido ballerina yoghurt y arándanos doypack 1.3 l,1790
Jabón líquido simonds dermo care avena 1.5 l,2790
Jabón líquido dove karité 700 ml,2750
Jabón líquido simond's dermo cream syndet hidratante 400 ml,2850
Jabón líquido simond's dermocream syndet protector 400 ml,2850
Jabón líquido palmolive jazmín y manteca de cacao doypack 900 ml,2390
Jabón líquido le sancy higenic 750 ml,2000
Jabón líquido palmolive camelia y aceite de almendras doypack 900 ml,2390
Jabón líquido elite humectante doypack 700 ml,2390
Jabón líquido elite humectante 230 ml,2290
Jabón líquido kadus vainilla coco 900 ml,1650
Jabón líquido le sancy aceite de almendras 750 ml,2650
Jabón líquido le sancy pepino y aloe vera 750 ml,2650
Jabón líquido elite humectante 700 ml,3190
Jabón crema ballerina hipoalergénico doypack 750 ml,2050
Jabón simonds dermo care hygienic doy pack 750 ml,2090
Jabón líquido kadus manzana miel 900 ml,1650
Jabón líquido simond´s dermo care avena 1 lt,2790
Jabón líquido babyland glicerina doypack 750 ml,1740
Jabón líquido ballerina yoghurt y berries vainilla doypack 750 ml,1750
Jabón gel simonds dermocare ph neutro cremoso 1 lt,2790
Jabón líquido palmolive corporal 390 ml,2880
Jabón líquido ballerina aceite coco y jazmín doypack 750 ml,1990
Jabón líquido simond's hygienic glicerina 1 l,3090
Jabón simonds dermo avena doy pack 750 ml,2090
Jabón líquido simond's glicerina con dosificador 340 ml,2060
Jabón líquido palmolive corporal de pitahaya 760 ml,3790
Jabón líquido ballerina doble humectación avena y aceite de almendra doypack 750 ml,1990
Jabón líquido familand avena karité dosificador 500 ml,2350
Jabón líquido ballerina doble humectación yoghurt arándanos doypack 750 ml,1750
Jabón gel simonds dermocare glicerina chocolate almendra 1 l,2790
Jabón líquido simond's dermo afrecho & leche de coco 1 lt,5650
Jabón líquido protex aloe vera con dosificador 221 ml,3250
Jabón líquido ballerina doble humectación crema humectante doypack 750 ml,1990
Jabón líquido energy ballerina bergamota y limón doypack 750 ml,1750
Jabón líquido dove cremoso karite y vainilla doypack 450 ml,2290
Jabón líquido simond's hygienic glicerina 500 ml,2820
Jabón líquido simond's crema avena coloidal 500 ml,2690
Jabón líquido baby simond's glicerina 1 l,5650
Jabón líquido kadus almendras 900 ml,1650
Jabón líquido dove cremoso nutrición doypack 450 ml,2290
Jabón líquido relax ballerina eucalipto y liliums doypack 750 ml,1750
Jabón líquido familand castaña dosificador 500 ml,2350
Jabón líquido dove original 250 ml,3090
Jabón líquido le sancy antibacterial original con dosificador 250 ml,3090
Jabón líquido íntimo nosotras pro-defense v 200 ml,5250
Jabón líquido familand castaña 260 ml,1670
Lavaloza concentrado quix bio activos limón recarga 1.5 l,4290
Lavalozas quix limón doypack 480 ml,1000
Lavalozas quix ultra concentrado limón 200 ml,1000
Lavalozas wyn ultra concentrado mandarina 500 ml,2000
Lavaloza quix ultra concentrado 500 ml,2 x 5590
Lavalozas virginia limón citrus 1.5 l,2000
Lavaloza quix limón doypack 900 ml,2000
Lavaloza concentrado quix bio activos aloe vera recarga 1.2 l,3652
Lavaloza quix ultra concentrado 750 ml,3790
Lavaloza quix ultra concentrado doypack 450 ml,2000
Lavalozas virginia limón botella 500 ml,1000
Lavalozas fuzol concentrado power citrus doypack 750 ml,1000
Lavaloza ultra concentrado limón virginia 200ml,1000
Lavaloza quix antibacterial 1.2 l,3652
Lavalozas + cloro excell aroma limón 1.5 l,2000
Lavalozas smart clean aroma limón recarga 1.5 l,3390
Lavaloza concentrado quix bio activos limón 500 ml,2090
Lavalozas concentrado wyn 750 ml,2200
Lavaloza fuzol concentrado power citrus recarga 1 l,2090
Lavaloza concentrado quix bio activo limón 750 ml,2990
Lavaloza virginia limón doypack 1.5 l,3280
Lavaloza virginia limón citrus doy pack 1 l.,2390
Lavalozas dawn ultra blue original 638 ml,5590
Lavaloza concentrado quix bio activos pureza 500 ml,2540
Lavalozas dawn ultra blue original 221 ml,2790
Lavaloza quix ultra concentrado 300 ml,2930
Lavaloza merkat limón 3.7 l,4790
Lavalozas smart clean limón doypack 1 l,2850
Lavalozas excell aroma limón doypack 1 l,2090
Lavaloza freemet aloe vera 500 ml,2390
Lavalozas ultra concentrado yellow quix doy pack 450 ml,2990
Lavaloza freemet mandarina 500 ml,2390
Lavalozas smart clean aroma limón 500 ml,1790
Lavalozas smart clean aroma limón 750 ml,2390
Lavalozas virutex biodegradable aloe vera 500 ml,1660
Lavalozas virginia ultra concentrado limón 500 ml,3100
Lavalozas ecocarga recarga 3 l,4820
Lavaloza virginia limón citrus 750 ml,2500
Lavaloza virginia ultra concentrado limón doypack 450 ml,2390
Lavalozas ecocarga + envase 1.5l,3450
Lavalozas ecocarga 3 l + envase,6490
Pack detergente líquido omo para diluir 2 un 500 ml + suavizante comfort puro cuidado 500 ml + lavaloza quix 500 ml,15390
Pack detergente líquido omo para diluir 2 un de 500 ml + suavizante soft 1 l + lavalozas quix 750 ml,16190
Tabletas para lavavajilla sun 3 en 1 20 un,8300
Sal lavavajillas sun regeneradora 1 kg,2830
Detergente en tabletas finish para lavavajillas 13 un,6850
Lavavajillas sun 1 kg,7720
Lavavajillas cascade complete citrus botella 2.12 kg,13990
Abrillantador sun progess lavavajillas 500 ml,5910
Abrillantador finish para lavavajillas 400 ml,5190
Esponja multiuso virutex antibacterial acanalada 3 un,1000
Esponja acero virutex 1 un,2 x 1000
Esponja multiuso virutex lisa antibacterial 4 un,1650
Paño esponja vileda 3 un,2751
Paño esponja virutex ultra absorbente 3 un,3000
Esponja manlac con fibra anatómica 3 un,1000
Paño multiuso virutex desinfectante con ojal lavanda 10 un,3510
Paño vileda multiuso con microfibras 3 un,2373
Esponja videla ultra fresh antibacterial 2u,1000
Paño esponja vileda 6 un,4501
Paño vileda microfibra style 2 un,2863
Paño vileda multiuso con microfibras 6 un,4473
Esponja videla pur active 2 un,2191
Esponja vileda glitzi power inox 2 un,3374
Paño vileda limpiapisos con microfibras 1 un,2436
Esponja salvauñas vileda ultra feesh 3 un,1652
Esponja vileda salvauñas antibacterias 3 un,2163
Paño piso flotante virutex con ojal 10 un,3510
Esponja fibro lisa standard 4 un,1470
Esponja manlac dorada 3 un,2030
Paño multiuso virutex ultra absorbente amarillo 3 un,3440
Esponja dorada virutex orotex antibacterial 3 un,2860
Paño scott reutilizable duramax 52u,2390
Esponja estándar fibro 8 un,1880
Paño reutilizable scott duramax antibacterial 48 un,2290
Paño esponja virutex ultra absorbente 6 un,5550
Esponja virutex spunita multiuso no raya 1 un,1990
Esponja lisa manlac 3 un,780
Paño multiuso smart clean 3 un,2890
Esponja virutex platinum inoxidable con mango 1 un,2330
Esponja multiuso smart clean lisa 4 un,1350
Paño esponja scotch brite 3m 6 un,4690
Paño esponja smart clean ultra absorbente 6 un,4260
Esponja multiuso virutex antibacterial acanalada 4 un,2380
Esponja de ducha b beauty 1 un,1190
Esponja superficies delicadas smart clean,1660
Paño algodón smart clean grande 1 un,1750
Paño multiuso virutex ultra absorbente amarillo 6 un,5560
Paño esponja fibro antibacterial spontex 3 un,3320
Esponja virutex multiuso superficies resistentes 1 un,820
Esponja dorada virutex orotex antibacterial 1 un,1690
Esponja multiuso smart clean acanalada 3 un,1380
Esponja fibro acanalada 3 un,1710
Esponja calzado smart clean negro 1 un,1510
Paño para sacudir virutex género extra grande (45x50cm) 1 un,2110
Esponja scoth brite fibra parilla 1 un,2290
Esponja scoth brite acanalada 3 un,2860
Esponja calzado virginia negro 1 un,2710
Paño multiuso virutex ultra absorbente amarillo rollo 20 un,6890
Esponja fibro standard cobre 2 un,2490
Virutilla virutex abrasiva gruesa grande grado 4,2630
Virutilla líquida virginia para pisos botella 900 ml,4190
Virutilla excell para pisos líquida botella 900 ml,4420
Escobillón manlac exterior 1 un,2150
Escobillón interiores clorinda mediano 1 un,3850
Pala smart clean mango metal fijo 1 un,4400
Pala virutex con mango y banda adherente,4820
Escobillón virutex tradicional multiuso fibra media,3740
Escobillón multiuso smart clean grande 1 un,3950
Escobillón virutex multiuso 100% reciclado fibra media,4080
Escobillón virutex multiuso grande fibra media 1 un,5390
Plumero virutex electroestático 1 un,4790
Escobillón exterior smart clean grande,3390
Escobillón multiuso clorinda grande 1 un,5090
Escobillon vileda 3 en 1 1 un,8113
Shampoo elvive brillo 370 ml,3000
Shampoo elvive hialurónico pure 370 ml,3700
Shampoo pantene reparador keratina sin sal 300 ml,2 x 6000
Shampoo pantene pro-v restauración 400 ml,2 x 6000
Shampoo sedal ácido hialurónico y vitamina a 340 ml,2000
Shampoo pantene pro-v miracles colágeno 300 ml,2 x 6000
Shampoo head and shoulders control caspa manzana fresh 375 ml,4000
Shampoo ballerina color ideal sin sal granada botella 750 ml,1590
Shampoo fructis frescura vitaminado 350 ml,3000
Shampoo ballerina largo incríble 750 ml,1590
Shampoo dove regeneración extrema 400 ml,3000
Shampoo fructis hair food manteca de cacao 300 ml,3820
Shampoo sedal células madres vegetales 340 ml,2000
Shampoo sedal prebióticos biotina 340 ml,2000
Shampoo herbal essences suavidad rosa mosqueta 400 ml,5000
Shampoo dove reconstrucción completa 400 ml,3000
Shampoo babyland neutro 410 ml,2000
Shampoo ballerina brillo luminoso manzanilla 750 ml,1590
Shampoo fructis hair food coco 300 ml,3820
Shampoo ilicit kera-v matizador morado 350 ml,2 x 6470
Shampoo sedal rizos definidos 340 ml,2000
Shampoo ballerina detox purificante carbón sin sal 750 ml,1590
Shampoo herbal essences agua de coco y jazmín 400 ml,5000
Shampoo simond's sin sal detox moringa 410 ml,2000
Shampoo fructis hair food aguacate 300 ml,3820
Shampoo herbal essences leche de coco 400 ml,7000
Shampoo head and shopulders anti comenzón menta 375 ml,4000
Shampoo sedal restauración instantanea 340 ml,2000
Shampoo herbal essences classic lavender 400 ml,5000
Shampoo head and shoulders control caspa aceite de coco 375 ml,4000
Shampoo herbal essences pequi y aguacate 400 ml,7000
Shampoo fructis prebióticos fuerza 350 ml,3000
Shampoo simond's sin sal matizador 410 ml,2000
Shampoo babyland manzanilla 410 ml,2000
Shampoo umai hidratación micelar 385 ml,5290
Shampoo ballerina ondas y rizos botella 750 ml,1590
Shampoo umai reparación aceite de coco-karité-vainilla 385 ml,5290
Shampoo umai nutricón 385 ml,5290
Shampoo dove regeneración extrema 750 ml,5190
Shampoo dove reconstrucción completa 750 ml,5190
Shampoo familand granada uvaterapia 750 ml,2190
Shampoo familand aceite de coco argán 750 ml,2190
Shampoo herbal essences + acondicionador agua de coco & jazmín 2 un de 400 ml,10450
Shampoo familand arándano uvaterapia 750 ml,2190
Shampoo familand manzanilla 750 ml,2190
Shampoo ballerina durazno y aceite de jojoba doypack 750 ml,1810
Shampoo ballerina manzanilla doypack 750 ml,1810
Shampoo para niños johnson's gotas de brillo 400 ml,3970
Shampoo elvive aminexil fortalecedor 370 ml,5390
Shampoo ballerina sin sal granada doypack 750 ml,1810
Acondicionador elive brillo 370 ml,3000
Acondicionador elvive hialurónico pure 370 ml,3700
Acondicionador fructis hair food manteca de cacao 300 ml,2790
Acondicionador pantene pro-v restauración 400 ml,2 x 6000
Acondicionador pantene reparador keratina sin sal 250 ml,2 x 6000
Acondicionador sedal colágeno + vitamina c 340 ml,2000
Acondicionador pantene pro-v miracles colágeno 250 ml,2 x 6000
Acondicionador dove regeneración extrema 400 ml,3000
Acondicionador ballerina largo increíble 750 ml,1590
Acondicionador ballerina brillo luminoso manzanilla 750 ml,1590
Acondicionador ilicit kera-v matizador morado 350 ml,2 x 6470
Acondicionador sedal rizos definidos 340 ml,2000
Acondicionador sedal ácido hialurónico y vitamina a 340 ml,2000
Acondicionador ballerina color ideal sin sal granada botella 750 ml,1590
Acondicionador sedal prebióticos biotina 340 ml,2000
Acondicionador sedal células madres vegetales 340 ml,2000
Acondicionador dove reconstrucción completa 400 ml,3000
Acondicionador fructis hair food coco 300 ml,3820
Acondicionador herbal essences leche de coco 400 ml,7000
Acondicionador sedal restauración instantánea 340 ml,2000
Acondicionador ballerina detox purificante carbón sin sal 750 ml,1590
Acondicionador herbal essences lavanda y aceite almendras 400 ml,5000
Acondicionador fructis hair food aguacate 300 ml,3820
Acondicionador simond's sin sal matizador 410 ml,2000
Acondicionador herbal essences suavidad rosa mosqueta 400 ml,5000
Acondicionador fructis prebióticos fuerza 350 ml,3000
Acondicionador ballerina ondas y rizos botella 750 ml,1590
Acondicionador fructis frescura vitaminada 350 ml,3000
Acondicionador herbal essences agua de coco y jazmín 400 ml,5000
Acondicionador umai hidratación micelar 385 ml,5290
Acondicionador umai nutrición 385 ml,5290
Acondicionador simond's sin sal detox moringa 410 ml,2000
Acondicionador herbal essences pequi y aguacate 400 ml,7000
Acondicionador umai reparación aceite de coco-karité-vainilla 385 ml,5290
Acondicionador umai fuerza e hidratación té verde-manzana-jengibre 385 ml,5290
Acondicionador dove regeneración extrema 750 ml,5190
Acondicionador dove reconstrucción completa 750 ml,5190
Acondicionador para niños johnson's gotas de brillo 400 ml,3970
Acondicionador familand granada uvaterapia 750 ml,2190
Acondicionador ballerina manzanilla doypack 750 ml,1810
Acondicionador ballerina durazno y aceite de jojoba doypack 750 ml,1810
Acondicionador elvive óleo extraordinario 6 óleos de flores 400 ml,5390
Acondicionador familand aceite de coco argán 750 ml,2190
Acondicionador ballerina sin sal granada doypack 750 ml,1810
Acondicionador familand manzanilla todo cabello 750 ml,2190
Acondicionador familand arándano uvaterapia 750 ml,2190
Acondicionador elvive aminexil anti quiebre 370 ml,5390
Acondicionador elvive hidra hialurónico 370 ml,5390
Acondicionador elvive brillo 680 ml,7890
Acondicionador baby lee hipoalergénico coco&avena 400 ml,2890
Bolsa de basura virutex mediana (70x90 cm) rollo 10 un,1000
Bolsa de basura superior 50 cm x 70 cm rollo 10 un,2 x 1400
Bolsa de basura superior 70 cm x 90 cm rollo 10 un,1090
Bolsa de basura virutex grande (80x110 cm) rollo 10 un,1760
Bolsa de basura smart clean baño 45 x 50 cm rollo 20 un,712
Bolsa de basura superior 50 cm x 65 cm rollo 10 un,530
Bolsa de aseo mascotas superior 22 x 35 cm 30 un,3 x 999
Bolsa de basura smart clean 50x70 cm 10 un,472
Bolsa de basura virutex pequeña (50x70 cm) rollo 10 un,840
Bolsa de basura virutex jardín (80x120 cm) rollo 10 un,2800
Bolsa de basura smart clean con asas 50 x 65 cm 10 un,352
Bolsa de basura virutex papelera conveniente (50x55 cm) rollo 20 un,1000
Bolsa de basura impeke reciclado 50x70 cm 10 un,2 x 1000
Bolsa de basura smart clean 70 x 90 cm rollo 10 un,872
Bolsa de basura impeke reciclado 80x110 cm 10 un,2 x 3000
Bolsa de basura smart clean 80 x 120 cm rollo 10 un,2312
Bolsa de basura virutex con asas 50x65 cm 10 un,560
Bolsa de basura smart clean 50 x 70 cm rollo 30 un,1240
Bolsa de basura impeke reciclado 70x90 cm 10 un,1000
Bolsa de basura smart clean 70 x 90 cm rollo 30 un,2472
Bolsa de basura superior 60 cm x 65 cm rollo 10 un,1520
Bolsa de basura virutex 110 cm x 120 cm rollo 5 un,7950
Bolsa de basura superior blanca baño 45 x 55 cm 20 un,1580
Bolsa de basura smart clean 80 x 110 cm rollo 10 un,1150
Bolsa de basura superior 70 cm x 90 cm rollo 20 un,2540
Bolsa de basura basulip 70 cm x 90 cm plana 10 un,1890
Bolsa de basura superior 80 cm x 110 cm rollo 10 un,1720
Bolsa de basura superior 110 cm x 120 cm rollo 5 un,8350
Bolsa de basura virutex blanca 50 x 55 cm rollo 20 un,1850
Bolsa de basura superior 80 cm x 120 cm rollo 10 un,3740
Bolsa de basura virutex cierre fácil 50 x 70 cm 20 un,2120
Bolsa de basura superior papelero 50 cm x 55 cm rollo 20 un,1560
Porta bolsa de basura nuevo hogar,14990
Cloro gel clorinda original 900 ml,2 x 3000
Cloro clorinda tradicional 2 l,2000
Cloro gel impeke tradicional 900 ml,1000
Cloro líquido igenix tradicional 1 kg,1000
Cloro gel clorinda lavanda 900 ml,2 x 3000
Cloro gel cif lavanda máxima higiene 800 ml,2 x 3850
Cloro gel clorinda menta 900 ml,2 x 3000
Cloro gel cif tradicional máxima higiene 800 ml,2 x 3850
Cloro gel cif limón máxima higiene 800 ml,2 x 3850
Cloro gel impeke limón 900 ml,1000
Cloro gel clorinda flores silvestres 900 ml,2 x 3000
Cloro ropa clorox blancos supremos 960 g,2650
Cloro gel clorox original 900 ml,2250
Cloro clorox tradicional 4 l,4000
Cloro clorinda lavanda 1.9 l,2000
Cloro ropa clorox blancos intensos 1.9 l,2590
Cloro clorinda tradicional 4 l,4230
Cloro clorinda limón 1.9 l,2000
Cloro gel clorox lavanda 1.5 l,3000
Cloro gel clorox menta 1.5 l,3000
Cloro clorinda tradicional 1 l,1330
Cloro clorinda ropa color 1.8 l,4640
Cloro clorox tradicional 2 l,2540
Cloro gel clorinda original doypack 750 ml,1510
Cloro clorinda ropa color 930 g,2990
Cloro gel igenix eucaliptus 900 ml,2070
Cloro gel clorox menta 900 ml,2250
Cloro smart clean concentrado 4 kg,3520
Cloro clorox no salpica tradicional 1.9 kg,2910
Cloro impeke tradicional 1 kg,1190
Cloro gel clorinda lavanda doypack 750 ml,1510
Cloro ropa clorox blancos supremos 1.8 kg,5870
Cloro gel smart clean lavanda 900 ml,1750
Cloro clorox tradicional 1 l,1530
Cloro clorox ropa blanca 4 kg,5930
Cloro gel igenix lavanda 900 ml,2070
Cloro gel smart clean tradicional 900 ml,1750
Cloro gel clorox cítrica 900 ml,2250
Cloro gel clorox lavanda 900 ml,2250
Cloro gel cif tradicional máxima higiene 1.3 ml,3100
Cloro gel igenix floral 900 ml,2070
Cloro ropa clorox blancos intensos 960 g,2050
Cloro gel cif limón máxima higiene 1.3 l,3100
Cloro gel clorinda lavanda 1.5 l,3290
Cloro concentrado smart clean 1 kg,1190
Cloro concentrado smart clean 2 kg,2020
Cloro gel smart clean limón 900 ml,1750
Cloro clorox no salpica tradicional 950 g,1620
Cloro impeke concentrado forte 2 l,1890
Cloro clorox limón 1.9 l,2560
Toalla papel nova megarrollo ultra 1 un de 26 m,1000
Toalla de papel nova clásica doble hoja 3 un de 12 m,2 x 3000
Toalla de papel nova ultra megarrollo 2 un de 26 m,2650
Toalla de papel nubelín doble hoja 3 un de 12 m,2 x 3000
Toalla de papel nova ultra gigante doble hoja 70 m,3250
Toalla de papel nubelin hoja simple 1 un de 150 m,3590
Toalla de papel nubelin doble hoja 80m,2890
Toalla de papel nova gigante doble hoja 1 un (100 m),4390
Toalla de papel nova ultra doble hoja 2 un de 14 m,1450
Toalla de papel nova clásica doble hoja 12 un de 12 m,6750
Toalla de papel favorita hogar mega doble hoja 1 un de 100 m,4390
Toalla de papel nubelin doble hoja 1 un de 100 m,3490
Toalla de papel nova gigante clásica 1 un de 70 m,3290
Toalla de papel elite maxirollo triple hoja 2 un de 20 m,3150
Toalla de papel abolengo xl 100 m,3250
Toalla papel multiusos scott 2 un (20 m),2000
Toalla de papel nova evolution megarollo 2 un de 26 m,3690
Toalla de papel nova evolution megarollo 3 un de 14 m,3150
Toalla de papel favorita multiabsorción doble hoja 2 un de 22 mt,3730
Toalla de papel favorita estilo 2 un de 24 m,3590
Toalla de papel favorita hogar doble hoja 8 un de 12 m,5350
Toalla de papel abolengo 3 un de 10 m,1520
Toalla de papel nubelin doble hoja 2 un de 26 m,2450
Paño reutilizable scott duramax antibacterial 48 un,2290
Servilletas nova clásica cocktail 150 un,1000
Servilleta cóctel nubelin 300u,1690
Servilleta cóctel nubelin 200u,2 x 3000
Servilletas elite cocktail 200 un,2000
Servilletas favorita estilo cocktail 200 un,1550
Servilletas nubelin cóctel hoja simple 50 un,3 x 999
Servilletas favorita clásica cocktail 50 un,350
Servilletas nubelin cóctel hoja simple 150 un,1000
Servilleta nubelin mesa 200 un,2000
Servilleta de mesa elite 200 un,3290
Servilletas elite mesa 50 un,1100
Servilletas nova clásica cocktail 300 un,2470
Servilleta nova clásica mesa 200 un,3170
Servilletas favorita práctica cocktail 200 un,2030
Servilleta nova clásica cóctel 50 un,470
Servilletas nova extra diseño cocktail 200 un,1950
Servilletas elite cocktail 50 un,650
Servilletas elite cocktail 400 un,4240
Servilleta elite gold mesa design 20 un,2630
Servilleta atelier diseño mesa 20 un,2190
Servilleta cóctel abolengo una hoja 40 un,390
Servilleta atelier diseño fiesta 20 un,2190
Servilletas palms líneas calipso 24 un,2830
Servilletas bioely 33 x 33 cm azul 20 un,3590
Servilletas palms líneas fucsia 24 un,2830
Servilletas bioely 33 x 33 cm celeste 20 un,3590
Set servilletas mx palms 12u,1990
set 12 servilletas mickey palms,2290
set 12 servilletas minnie palms,2290
set 12 servilletas princesas palms,2190
Detergente líquido omo ultra power doypack 400 ml,1000
Detergente omo con bicarbonato polvo 800 g,2000
Detergente omo matic multiacción líquido recarga 3 l,2 x 18690
Detergente omo matic polvo 8 kg,24190
Detergente líquido omo piel sensible doypack 800 ml,2000
Detergente líquido smart clean 9 l,11287
Detergente líquido smart clean matic floral 5 l,6990
Detergente en polvo rinso lirios y rosas 700 g,1000
Detergente en polvo smart clean aroma primavera 7 kg,9190
Detergente líquido ariel doble poder concentrado botella 1.8 l,2 x 17290
Detergente líquido drive colores radiantes doypack 400 ml,1000
Detergente en polvo omo matic multiacción 2.7 kg,7990
Detergente omo matic multiacción soft líquido doypack 3 l,2 x 18690
Detergente líquido ariel con un toque de downy botella 1.8 l,2 x 17290
Detergente ariel matic polvo 4 kg,12990
Detergente en polvo smart clean primavera 2.7 kg,2 x 7990
Detergente líquido rinso matic hortensias y flores blancas doypack 2.7 l,6250
Detergente líquido omo piel sensible doypack 3 l,9327
Detergente en polvo ariel toque downy bolsa 700 g,2000
Detergente en polvo smart clean primavera 1 kg,2 x 3000
Detergente en polvo omo soft aloe vera 2.7 kg,7990
Detergente líquido omo piel sensible 3 l,10633
Detergente en polvo omo con bicarbonato 2.7 kg,7693
Detergente en polvo rinso matic hortensias y flores blancas 2.5 kg,6550
Detergente bio frescura matic líquido botella 3 l,7090
Detergente líquido smart clean matic primavera 700 ml,1000
Detergente líquido fuzol flores frescas doypack 600 ml,1000
Detergente polvo bio frescura 4.5 kg,9190
Detergente líquido fuzol forte con suavizante doypack 2.7 l,5490
Detergente omo matic multiacción líquido 3 l,12990
Detergente líquido fuzol forte doypack 2.7 l,5490
Detergente omo matic multiacción soft líquido 3 l,12990
Detergente bio frescura bosque nativo polvo 2.5 kg,5490
Detergente líquido smart clean hipoalergénico doypack 1 l,3790
Detergente en polvo rinso matic lirios y rosas 2.5 kg,6550
Detergente líquido smart clean hipoalergénico doypack 3 l,8017
Detergente líquido rinso matic lirios y rosas doypack 2.7 l,6250
Detergente en polvo rinso matic jazmín y violetas bolsa 8 kg,15990
Detergente líquido popeye hipoalergénico doypack 3 l,15350
Detergente líquido merkat matic floral 5 l,4190
Detergente higienizante igenix frescura floral 3 l,7670
Detergente líquido popeye hipoalergénico botella 3 l,16490
Detergente omo matic multiacción polvo 800 g,5090
Detergente en polvo ariel 400 g,2220
Detergente en tabletas finish para lavavajillas 13 un,6850
Detergente líquido popeye hipoalergénico doypack 1 l,6550
Detergente líquido smart clean matic floral doypack 2.7 l,5950
Detergente líquido popeye hipoalergénico familia doypack 3 l,15350
Detergente líquido rinso matic lirios y rosas doypack 2 un de 3 l,13750
Detergente en polvo merkat matic floral 7 kg,8890
