search,found,price,pre_discount
arroz,Fideo Arroz 200Gr,1990,1990
arroz,Vinagre Arroz Gweiyuan 630Cc,2250,2250
arroz,Arroz Bonanza 1Kg,999,1199
arroz,Arroz Integral Miraflores 1Kg,2990,2990
arroz,Arroz Pregraneado Bonanza 1Kg,1795,1795
arroz,Arroz Basmati Tucapel 400Gr,2390,2390
arroz,Arroz Valle De Oro 1Kg,1595,1595
arroz,Arroz Especial Basmati Pregraneado Tucapel 1Kg,4990,4990
arroz,Arroz Pregraneado Grado 1 Banquete 1Kg,2099,2099
arroz,Arroz Premium Banquete 1Kg,2250,2250
arroz,Arroz Integral Multigrano Banquete 400Gr,1499,1499
arroz,Arroz Pregraneado Tucapel 1Kg,2199,2199
arroz,Arroz Especial Preparado Chaufán Miraflores 210Gr,1290,1290
arroz,Arroz Risotto Italiano Tucapel 400Gr,1990,1990
arroz,Galletas Arroz Tucapel 25Gr,350,350
arroz,Arroz Laminado Grado 1 Miraflores 1Kg,2490,2490
arroz,Arroz Especial Preparado Primavera Tucapel 210Gr,890,890
arroz,Arroz Especial Risotto Italiano Pregraneado Tucapel 1Kg,4290,4290
arroz,Arroz Especial Preparado Chaufan Tucapel 210Gr,890,890
arroz,Arroz Tucapel Grado 2 Blue Bonnet 900Gr,1499,1499
pasta,Pasta Canelones Lucchetti 250Gr,2499,2499
pasta,Pasta de Albahaca Thai 240Gr,2990,2990
pasta,Pasta de Ajo Mulpun 140Gr,3495,3495
pasta,Dátiles Pasta Viva la Vitta 500Gr,4490,4490
pasta,Jengibre en Pasta Thai 230Gr,2990,2990
pasta,Pasta para Uno Caracoqueso Carozzi 70Gr,1290,1290
pasta,Pasta de Arroz Trattoría 250Gr,2490,2490
pasta,Thai Pasta 240Gr Padthai,2990,2990
pasta,Pasta Oral B 70gr 3 Unidades,5495,5495
pasta,Pasta Canutos Lucchetti 400Gr,999,999
pasta,Pasta Espirales Lucchetti 400Gr,999,999
pasta,Pasta Rigati Lucchetti 400Gr,999,999
pasta,Pasta Farfalle Talliani 400Gr,1399,1399
pasta,Pasta Corbatitas Carozzi 400Gr,999,999
pasta,Pasta Dental Oral-B 120Gr,3495,3495
pasta,Betun Negro Virginia Pasta 80ml,1790,1790
pasta,Pasta Caracol Lucchetti 400Gr,999,999
pasta,Pasta Pappardelle al Huevo La Rana 300Gr,3595,3595
pasta,Limpiador Pasta The Pink Staff 850Gr,7450,7450
pasta,Artel Pasta Modelar Secado al Aire 500Gr,3490,3490
porotos,Poroto Hallado Banquete 1Kg,3790,3790
porotos,Porotos Negros Banquete 1Kg,3290,3290
porotos,Porotos Negros Bonanza 1 Kg,2495,2495
porotos,Poroto Hallado Grado 2 Bonanza 1Kg,2990,2990
porotos,Rebanador Porotos Ilko,6990,6990
porotos,Porotos Negros Esmeralda 400Gr,1190,1190
porotos,Love Hummus Poroto Negro Cilantro 220Gr,4590,4590
porotos,Porotos Granados Tetra Pack Wasil 380Gr,2390,2390
porotos,Porotos Blanco Tetrapack Wasil 380Gr,1299,1299
porotos,Porotos Estilo Casero 350gr PF Listo,2899,2899
porotos,Porotos Granados Minuto Verde 500Gr,2990,2990
porotos,Porotos Blancos Esmeralda 400Gr,1190,1190
porotos,Fideos Poroto Mung Fansi 180G Guanzhu,1950,1950
porotos,Base Porotos Granados Frutos del Maipo 500Gr,2499,2499
porotos,Congelado Poroto Verde Corte Francés 150Gr,990,990
porotos,Porotos Negros Agro Listo Iansa 390Gr,1199,1199
porotos,Porotos Granados Frutos del Maipo 500Gr,3290,3290
porotos,Porotos Negros Wasil Tetra Pack 380Gr,1299,1299
porotos,Porotos Verdes Frutos Del Maipo 350 Gr,1899,1899
porotos,Congelado Food Service Poroto Verde Corte Francés Minuto Verde 1Kg,2490,2490
manzanas,Agua Manzana Aquarius 1.6Lt,1099,1099
manzanas,Néctar Manzana Vivo 1Lt,1190,1190
manzanas,Vinagre Manzana Vitta 500ml,6590,6590
manzanas,Manzana Pink Lady,1990,1990
manzanas,Jugo Manzana Orgánico Ama 300ml,1990,1990
manzanas,Néctar Manzana Livean 1.5Lt,2399,2399
manzanas,Jugo Manzana/Pera Guallarauco 1Lt,2890,2890
manzanas,Agua Mas Manzana Cachantun 600Ml,899,899
manzanas,Mifrut Manzana Vivo 90Gr,549,549
manzanas,Néctar Manzana Vivo 190ml 3 Unidades,1095,1095
manzanas,Agua Manzana Aquarius 500Ml,999,999
manzanas,Néctar Manzana Andina del Valle 1.5Lt,1699,1699
manzanas,Jugo Manzana Guallarauco 300Ml,1690,1690
manzanas,Néctar Manzana Watts 200Ml,1990,1990
manzanas,Jugo Manzana Afe 1Lt,4190,4190
manzanas,Jugo Manzana-Kiwi Orgánico Ama 1Lt,4990,4990
manzanas,Livean Pouch Manzana 90 Gr,499,499
manzanas,Agua Mineral Mas Manzana Cachantún 1.6Lt,1299,1299
manzanas,Jugo Manzana Kiwi Orgánico Ama 300ml,1990,1990
manzanas,Infusión Manzana Canela Twinings 10 Unidades 20Gr,2790,2790
palta,Palta Malla 700 Gr Aprox.,2990,2990
palta,Mayonesa Aceite de Palta Hellmanns 670Gr,3595,3595
palta,Acondicionador Suavelina 750Ml Palta,999,1199
palta,Palta 1Kg,5990,5990
palta,Acondicionador Palta Ballerina 750ml,1595,1595
palta,Shampoo Palta/Almendras Ballerina 750ml,1595,1595
palta,Shampoo Suavelina Palta 750Ml,999,1199
palta,Galletas Arroz Natural Kupiec 90Gr,1990,1990
palta,Zaatar Suk 70Gr,2990,2990
palta,Sazonador para Guacamole Pancho Villa 30Gr,1190,1190
palta,Galletas de Arroz con Sessamo Kupiec 90Gr,1990,1990
sal,Sal Lobos Pote 850Gr,1399,1399
sal,Sal Rosada 400Gr,2099,2099
sal,Sal Lobos Salero 125Gr,499,499
sal,Sal Rosada Fina Lobos 800Gr,3199,3199
sal,Sal Lobos Light Doypack 1Kg,2990,2990
sal,Sal Salero Biosal 125Gr,1199,1199
sal,Sal de Mar con Molinillo 88Gr,2990,2990
sal,Sal de Cocina Lobos 1Kg,580,580
sal,Sal de Mesa Lobos 1Kg,549,549
sal,Sal Fina De Mesa Salero Lobos 250Gr,799,799
sal,Sal Fina Lobos Doypack 1Kg,799,799
sal,Sal Salero Biosal 66% 250Gr,2290,2290
sal,Sal Gruesa Del Himalaya 500Grs,1990,1990
sal,Sal Rosada Himalaya Lobos 88gr,3299,3299
sal,Sal Parillera Salero Lobos 750Gr,1399,1399
sal,Mantequilla Sin Sal Soprole 250Gr,3090,3090
sal,Sal de Mar Fina Lobos 125gr,649,649
sal,Sal Regeneradora Sun 1Kg,2495,2495
sal,Sal Fina de Mesa Salero Lobos 500Gr,1150,1150
sal,Mani Sin Sal 150Gr Sembrasol,1499,1499
azúcar,Azúcar Iansa 5Kg,6990,6990
azúcar,Azúcar Patrona 5Kg,4990,6495
azúcar,Azúcar Rubia Iansa 500Gr,1299,1299
azúcar,Azúcar Flor Iansa 500Gr,1299,1299
azúcar,Azúcar Dama Blanca 1Kg,1399,1399
azúcar,Azúcar La Patrona 1Kg,1199,1199
azúcar,Azúcar Blanca Granulada Iansa 1Kg,1399,1399
azúcar,Azúcar Light con Estevia Iansa 500Gr,1795,1795
azúcar,Azúcar Dama Blanca 5Kg,6990,6990
azúcar,Azúcar Dorada en Cubitos Iansa 420Gr,2099,2099
azúcar,Azucar Dama Blanca 500Gr,799,799
azúcar,Azúcar de Caña Integral Disvent 1Kg,2290,2290
azúcar,Azúcar Granulada Blanca Iansa 750Gr,1099,1099
azúcar,Azúcar Blanca Ligth Con Sucralosa 500Gr,1695,1695
azúcar,Azúcar Blanca en Cubitos Iansa 500Gr,2299,2299
azúcar,Bebida Kem Xtrem sin Azúcar 600cc,1099,1099
azúcar,Galletas María sin Azúcar 400gr,3690,3690
azúcar,Chocolate Guylian sin Azúcar 100gr,5980,5980
azúcar,Chocolate de Leche Sin Azúcar Guylian 100Gr,5980,5980
azúcar,Caja Chocolates Artesanales EntreLagos 92Gr Sin Azucar,7990,7990
aceite,Aceite Terrasanta 250ml,4990,4990
aceite,Aceite de Oliva Terrasanta 500ml,8990,8990
aceite,Aceite Maravilla Natura 900ml,3390,3390
aceite,Aceite Oliva Terrasanta 1Lt,14990,14990
aceite,Aceite De Maravilla Bonanza 5Lt,13990,13990
aceite,Shampoo Aceite de Coco Óleo Micelar Aceite de Argán Familand 750Ml,1799,1799
aceite,Aceite de Maravilla Chef 1L,2990,2990
aceite,Aceite Olivado Miraflores 500Ml,3390,3390
aceite,Aceite de Oliva Banquete 1L,15990,15990
aceite,Aceite Vegetal Belmont 900Ml,2790,2790
aceite,Aceite de Maíz Chef 1L,4990,4990
aceite,Aceite Maravilla Parral 900Ml,2099,2099
aceite,Aceite Vegetal Belmont 5Lt,17990,17990
aceite,Aceite de Maravilla Chef 5Lt,20990,20990
aceite,Aceite De Oliva Terrasanta 5Lt,64990,64990
aceite,Aceite de Maravilla Chef 500Ml,2590,2590
aceite,Aceite Baby Oil Simonds 210Cc,3390,3390
aceite,Aceite Oliva Maravilla Chef 1Lt,13990,13990
aceite,Aceite Coco Orgánico Koe 500Gr,7990,7990
aceite,Aceite de Canola Mazola 1Lt,4990,4990
huevo,Huevos Blanco Coliumo 30 Unidades,8990,8990
huevo,Huevos Color Coliumo 6 Unidades,2150,2150
huevo,Huevos Color La Castelllana 20 Unidades,8495,8495
huevo,Huevo Entero Polvo Ecoterra 125Gr,6990,6990
huevo,Huevos Primera Blanco Coliumo 12 Unidades,3595,3595
huevo,Huevos Blanco Coliumo 12 Unidades,3990,3990
huevo,Huevos Color Coliumo 12 Unidades,3990,3990
huevo,Huevos Coliumo Primera Color 12 Unidades,3795,3795
huevo,Pascua Mecano Huevo Blanco 20U,3990,3990
huevo,Huevos Color La Castellana 12 Unidades,4990,4990
huevo,Huevo de Pascua Crunch Nestlé 205gr,5990,5990
huevo,Clara de Huevo en Polvo Ecoterra 125Gr,5450,5450
huevo,Pasta Espirales con Huevos Frescos Talliani 400Gr,1399,1399
huevo,Pasta Tallarin Con Huevos Frescos N°77 Talliani 400Gr,1399,1399
huevo,Pasta Spaghetti Nº5 con Huevos Frescos Talliani 400Gr,1399,1399
huevo,Pasta Pappardelle al Huevo La Rana 300Gr,3595,3595
huevo,Huevitos de Pascua Chubi 17 Unidades,2490,2490
huevo,Huevitos Chocolate Leche Costa 21 Unid Aprox,7990,7990
huevo,Pasta Cabellos de Ángel Talliani 400Gr,1399,1399
huevo,Huevitos Macizos Dos en Uno 30 Unidades,2990,2990
jamon,Jamón Serrano Los Astures 80gr,3890,3890
jamon,Jamón Colonial San Jorge 200 Gr,2690,2690
jamon,Jamón Serrano en Laminas Receta del Abuelo 100Gr,2990,2990
jamon,Jamón Colonial San Jorge A Granel,916,916
jamon,Pizza Jamón Queso Listo PF 465Gr,4190,4190
jamon,Jamon Pierna Colonial Cocido PF A Granel,999,999
jamon,Paté Jamón Pf 125Gr,650,699
jamon,Jamon Pierna Artesanal 125Gr,1790,1990
jamon,Jamón Colonial PF 125gr,1990,1990
jamon,Paté Jamón Serrano Receta Del Abuelo 125Gr,1090,1090
jamon,Jamón Pierna Acaramelado PF 200Gr,2290,2690
jamon,Jamón Serrano La Preferida 80Gr,3490,3490
jamon,Jamon Pierna La Preferida 200Gr,2490,2890
jamon,Jamón Pierna La Preferida 125Gr,1990,1990
jamon,Jamón Pierna Receta del Abuelo Granel,990,990
jamon,Twistos Jamón 100Gr,1499,1499
jamon,Jamon Pf Pierna Acaramelado A Granel,959,959
jamon,Jamón Ahumado Campestre La Crianza 200Gr,2399,2399
jamon,Paté Jamón Receta del Abuelo 125Gr,999,999
jamon,Jamón Campestre Pierna La Crianza 200Gr,2490,2490
queso,Queso Savoyard 170gr,4690,4690
queso,Queso Crema Frutillar 190Gr,2590,2590
queso,Queso Gauda Huilco 250Gr,2590,2590
queso,Queso Emmental Huilco 200Gr,4990,4990
queso,Queso Laminado Chanco Huilco 400Gr,3990,4990
queso,Queso Mantecoso Quilque 250Gr,3690,3690
queso,Queso Crema Natural Colun 100Gr,1690,1690
queso,Queso Mozzarella La Vaquita 500Gr,6590,6590
queso,Queso Fresco Colun 450Gr,2790,2790
queso,Queso Crema Philadelphia 180Gr,3390,3390
queso,Queso Suizo Quillayes 200gr,4990,4990
queso,Queso Parmesano Rallado Colun 40Gr,950,950
queso,Queso Ricotta Quillayes 200Gr,4990,4990
queso,Queso Mantecoso Laminado Las Parcelas 350Gr,5990,5990
queso,Queso Chanco Laminado Don Ricardo 500Gr,6690,6690
queso,Queso Ranco Laminado Colun 150Gr,1990,1990
queso,Queso Laminado Gauda Colun 250gr,2990,2990
queso,Queso Mantecoso Quilque 150Gr,2090,2090
queso,Queso Mantecoso Laminado Huilco 400Gr,3990,4990
queso,Queso Mantecoso Huilco 250Gr,3450,3450
mantequilla,Mantequilla Soprole 125Gr,1590,1590
mantequilla,Mantequilla Los Alerces 250Gr,2990,2990
mantequilla,Mantequilla Calo 250Gr,3090,3090
mantequilla,Mantequilla Untable Colun 200Gr,3290,3290
mantequilla,Mantequilla Untable Soprole 200Gr,3490,3490
mantequilla,Mantequilla Untable Calo 350Gr,4990,4990
mantequilla,Mantequilla Soprole 250Gr,2650,2650
mantequilla,Mantequilla Don Ricardo 250Gr,3490,3490
mantequilla,Mantequilla Los Alerces 125Gr,1590,1590
mantequilla,Mantequilla Sin Sal Soprole 250Gr,3090,3090
mantequilla,Mantequilla Sin Lactosa Quillayes 200Gr,3295,3295
mantequilla,Mantequilla Colun Pan 250Gr,2990,2990
mantequilla,Mantequilla Con Sal Chilolac 250Gr,2990,2990
mantequilla,Mantequilla Sin Colesterol Loncoleche 250Gr,3790,3790
mantequilla,Mantequilla Mani 400Gr Terranut,4990,4990
mantequilla,Mantequilla Sin Colesterol Loncoleche 250Gr,3190,3190
mantequilla,Galletas de Mantequilla Costa 35Gr,280,280
mantequilla,Mantequilla Con Sal De Mar Soprole 250 Gr,3090,3090
mantequilla,Papel Mantequilla Alupaper 7.5 Mt,1299,1299
mantequilla,Mantequilla Sin Sal Colun Pan 250Gr,2990,2990
salsa tomates,Salsa Tomate Italiana Doña Clara 200gr,699,699
salsa tomates,Salsa Tomate Traverso 200Gr,399,399
salsa tomates,Salsa de Tomates Makao 210gr,399,399
salsa tomates,Salsa Tomate Malloa 6x200Gr,3495,3990
salsa tomates,Salsa Tomate con Carne Tuco 245Gr,1590,1590
salsa tomates,Salsa Tomate Natural Lucchetti 200Gr,799,799
salsa tomates,Salsa Tomate El Jardin 200Gr,399,399
salsa tomates,Salsa de Tomate Albaca Buka 515Gr,2395,2395
salsa tomates,Salsa de Tomate Natural Heinz 200gr,690,799
salsa tomates,Salsa de Tomate Italiana Heinz 200gr,690,799
salsa tomates,Salsa Tomate con Albahaca Lucchetti 200Gr,799,799
salsa tomates,Jurel en Salsa Tomate Barquito 425Gr,1199,1199
salsa tomates,Salsa Tomate con Carne Talliani 280Gr,2299,2299
salsa tomates,Salsa de Tomate Lucchetti Pack de 6x200Gr,4490,4490
salsa tomates,Salsa Tomate Con Champiñones Talliani 280Gr,2299,2299
salsa tomates,Salsa Tomate Italiana Malloa 200Gr,799,799
salsa tomates,Salsa de Tomate San Remo 200Gr,499,499
salsa tomates,Sardinas en Salsa de Tomate Robinson Crusoe 125Gr,1599,1599
salsa tomates,Salsa Bolognesa Mamma Mia Lucchetti 200Gr,899,899
salsa tomates,Salsa Lista Pomodoro Wasil 340Gr,1199,1199
sopa pollo,Sopa Sabor Pollo con Sémola Maggi 68Gr,599,599
sopa pollo,Sopas Maruchan Pollo Picante 64Gr,1199,1199
sopa pollo,Sopas Maruchan Pollo 64Gr,1199,1199
sopa pollo,Sopa Instantánea Sabor Pollo Traverso 65Grs,999,999
sopa pollo,Sopas Pollo Picante Maruchan 85Gr,699,699
sopa pollo,Sopa Sabor Pollo con Fideos Maggi 70Gr,599,599
sopa pollo,Sopa Sabor Pollo con Arroz Maggi 70Gr,599,599
sopa pollo,Sopa Pollo con Fideos Gourmet 70gr,550,550
sopa pollo,Sopa Pollo con Fideos Naturezza 55Gr,450,450
sopa pollo,Sopa de Pollo con Fideos Gourmet 56gr,599,599
sopa pollo,Sopa de Pollo con Arroz Naturezza 55gr,450,450
sopa pollo,Consomé de Pollo Sólo Para Uno Gourmet 15Gr,499,499
sopa pollo,Caldo Casero de Pollo Gallina Blanca 1Lt,2990,2990
sopa pollo,Crema Sabor Maggi Pollo 72Gr,699,699
sopa pollo,Salsa Inglesa Gourmet 165cc,2299,2299
sopa pollo,Sopas Maruchan 85Gr Pollo,699,699
vacuno,Hamburguesa de Vacuno Winter 50Gr,299,299
vacuno,Hamburguesa de Vacuno Winter 100Gr,599,599
vacuno,Hamburguesa Vacuno San Jorge 55Gr,390,390
vacuno,Hamburguesa de Vacuno La Crianza 100Gr,799,799
vacuno,Picado Nestlé Cazuela Vacuno 250 Gr,2499,2499
vacuno,Hamburguesa Vacuno PF 100Gr,599,699
vacuno,Hamburguesa Vacuno Americana Recetas Del Abuelo 100Gr,999,999
vacuno,Hamburguesa de Vacuno La Crianza 150Gr,1290,1290
vacuno,Hamburguesa Vacuno Grill Receta del Abuelo 100Gr,999,999
vacuno,Hamburguesas Vacuno Receta del Abuelo 10 Unidades,8990,8990
vacuno,Hamburguesas Vacuno Receta del Abuelo 100Gr,999,999
vacuno,Hamburguesa de Vacuno Light La Crianza 100Gr,899,899
vacuno,Hamburguesa de Vacuno La Preferida 10 Unidades,9990,9990
vacuno,Churrasco Vacuno Receta del Abuelo 120gr,1990,1990
vacuno,Hamburguesa Vacuno San Jorge 90Gr,750,750
vacuno,Hamburguesa de Vacuno San Jorge 10 Unidades,5790,5990
vacuno,Escalopa de Vacuno Kayser Receta del Abuelo 120gr,990,990
vacuno,Hamburguesa Winter Vacuno 10X50gr,2890,3190
vacuno,Hamburguesa Vacuno Receta Del Abuelo Bacon 100Gr,999,999
vacuno,Hamburguesas Vacuno Light La Crianza 1Kg,9990,9990
filetitos,Filetitos de Pechuga Super Pollo 700Gr,5990,5990
avena,Avena Instantánea Vivo 700Gr,1890,1890
avena,Avena Frutilla Quaker 300Gr,2490,2490
avena,Avena Quaker 550Gr Multi semilla,3690,3690
avena,Avena 4 Semillas Vivo 700Gr,2690,2690
avena,Avena Quaker 346Gr Proteína,3990,3990
avena,Avena Instantánea Selecta 800Gr,2290,2290
avena,Avena Tradicional Quaker 700Gr,2499,2990
avena,Jabón Avena Bellekiss 1.5Lt,2490,2490
avena,Cereal Avena Quaker 600Gr Multi Semilla,3690,3690
avena,Harina de Avena Instantánea Quaker 450Gr,2590,2590
avena,Avena Quaker Instantánea 700Gr,2499,2990
avena,Yog.Protein Avena Soprole 155Gr,850,850
avena,Bebida Vegetal Avena Loncoleche 1Lt,2499,2499
avena,Galleta Avena Chocolate Nutra Bien 150Gr,1399,1399
avena,Galleta Avena Pasas Nutra Bien 150Gr,1399,1399
avena,Cereal Infantil De Avena Y Arroz Nestlé 250 Gr,2499,2499
avena,Yoghurt con trozos de Avena Soprole 155Gr,550,550
avena,Jabón de Avena Suavelina 1.3Lt,1799,1799
avena,Galleta Avena Manzana Nutra Bien 150Gr,1399,1399
avena,Leche Chocolate Con Avena Soprole 200Ml,550,550
pan blanco,Pan Blanco Cero 580Gr,2690,2690
pan blanco,Pan Artesano Blanco Ideal 550Gr,2690,2690
pan blanco,Pan Blanco Ideal 580Gr,2190,2190
pan blanco,Pan Blanco XL Cena 740Gr,1990,2399
pan blanco,Pan Pita Blanco Ideal 300Gr,1599,1599
pan blanco,Pan Pita Blanco Castaño 300Gr,1699,1699
pan blanco,Pan Molde Kingsbury 580Gr,3590,3590
pan blanco,Pan Hamburguesa Castaño 660Gr Brioche,3390,3390
pan blanco,Pan Molde Duo 50/50 Kingsbury 580Gr,3590,3590
pan blanco,Pan de Miga Sandwich Castaño 460gr,3390,3390
pan blanco,Pan de Hamburguesa Castaño 460gr,2799,2799
pan blanco,Pan Hamburguesa Ideal 520Gr 8 Unidades,2690,2690
pan blanco,Pan Bocado Dama 1Kg,2199,2199
pan blanco,Hallulla Especial 1Kg,2099,2099
pan blanco,Pan de Molde Familiar Duo Castaño 585Gr,2690,2690
pan blanco,Pan de Molde Masa Madre Bauducco 400Gr,1990,1990
pan blanco,Queso Chacra Sin Lactosa Quillayes 400Gr,3690,3690
jurel,Jurel al Natural San José 425Gr,1990,1990
jurel,Jurel Tomate Unico 425Gr,1795,1795
jurel,Jurel en Aceite San José 160Gr,999,1199
jurel,Jurel sin Sal San José 425Gr,2450,2450
jurel,Jurel San José 160Gr Natural,999,1199
jurel,Jurel Tomate Picante Único 425Gr,1795,1795
jurel,Jurel con Tomate Unico 200gr,799,999
jurel,Jurel Natural Unico 200Gr,799,999
jurel,Jurel Natural Esmeralda 425gr,1299,1499
jurel,Jurel en Salsa Tomate Barquito 425Gr,1199,1199
jurel,Jurel Bajo en Sodio Único 425Gr,1795,1795
jurel,Jurel San José Ahumado160Gr,999,1199
jurel,Jurel Medallón San José 425Gr,1595,1595
café,Café Akbar 100Gr,6990,6990
café,Café Entero Copacabana 250Gr,5190,5190
café,Café Descafeinado Monterrey 170Gr,4990,4990
café,Café Clásico Monterrey 100Gr,4590,4590
café,Café Descafeinado Nescafé 100Gr,5990,5990
café,Café Descafeinado Nescafé 170Gr,7990,7990
café,Café Jacob Kronung 200Gr,13490,13490
café,Café Kronung Jacob 100Gr,8490,8490
café,Café Black Roast 170gr,7495,7495
café,Café Coronado 170Gr,3290,3290
café,Café Descafeinado Copacabana 250Gr,6290,6290
café,Café Juan Valdez Liofilizado 50gr,7990,7990
café,Café Premium Gold 100Gr,6690,6690
café,Café Clásico Monterrey 50Gr,2699,2699
café,Café Prontissimo Classico Lavazza 95Gr,9990,9990
café,Café Selección Colombia Nescafé 250gr,6990,6990
café,Café Descafeinado Gold 100Gr,6990,6990
café,Café Instantáneo Gold 170Gr,6490,6490
café,Cafe Gold Ice Caramel 150Gr,3490,3490
café,Café Descafeinado Gold Premier 250Gr,6290,6290
té,Té Manzana Canela Té Club 20 Unidades 40Gr,1690,1690
té,Té Club Chai Té Club 20 Unidades 40Gr,2390,2390
té,Té Frutos Tropicales Té Club 20 Unidades 40Gr,1849,1849
té,Té Instantáneo Canela Té Orjas 30Gr,1599,1599
té,Té Sustentable Premium Té Club 100 Unidades 200Gr,3899,3899
té,Té Instantáneo Limón Te Orjas 30Gr,1599,1599
té,Té Puro de Ceylon Superior 250Gr,4290,4290
té,Te Ahmad 20U Chai,3990,3990
té,Te Ahmad Ceylon 10Unid,1990,1990
té,Te Supremo Mildred Ceylan 250Gr,3490,3490
té,Té Matcha Weicojee 100 Gr,2990,2990
té,Té Strawberry Sensation 10 Unidades,1990,1990
té,Té Chai Supremo 50 Unidades,5190,5190
té,Té Ceylan Excelsior 250Gr,2199,2199
té,Té Lipton Durazno 310ml,1190,1190
té,Té Canela Supremo 20 Unidades 40Gr,1599,1990
té,Te Ahmad Strawberry 10Unid,1990,1990
té,Té Strawberry Ahmad 20 Unidades 40Gr,3990,3990
té,Te Supremo Ceylan Mystic 80U,3890,3890
té,Té Ceylon Premium Akbar 25 Unidades 50Gr,2499,2499
yogurt,Yogurt Zerolacto Chirimoya Soprole 120Gr,399,399
yogurt,Yogurt Protein Frutilla Soprole 155Gr,850,850
yogurt,Yogurt sin Lactosa Vainilla Loncoleche 900Gr,1990,1990
yogurt,Yogurt Batifrut Papaya 165gr,699,699
yogurt,Yogurt Cereza Colun 1Lt,1690,1690
yogurt,Yogurt Light Durazno Soprole 120Gr,350,350
yogurt,Yogurt Batifrut Mango Maracuyá 165gr,699,699
yogurt,Yogurt sin Lactosa Frutilla Loncoleche 900Gr,1990,1990
yogurt,Yogurt Griego Natural Oikos Danone 150Gr,590,590
yogurt,Yogurt Protein Mango Maracuyá Soprole 155Gr,850,850
yogurt,Chocolate Yogurt Love Ritter 176Gr,7490,7490
yogurt,Cereal Line Sabor Yogurt Vivo 350Gr,2690,2690
yogurt,Yogurt Batido Soprole Damasco 1Lt,1990,1990
yogurt,Yogurt Batifrut Zerolacto Frutos Secos 155Gr,699,699
yogurt,Yogurt 1+1 Choco Krispi Soprole 40Gr,750,750
yogurt,Yogurt Batido Vainilla Nestlé 115Gr,299,299
yogurt,Yogurt Vegetal Almendras Loncoleche 140Gr,699,699
yogurt,Yogurt Cereal Mix Chocapic+Zucaritas Nestlé 710Gr,3490,3490
yogurt,Yogurt Plátano Colun 125Gr,290,290
yogurt,Yogurt 1+1 Azucarado Soprole 155Gr,550,550
jalea,Jalea Piña Nestle 110Gr,399,399
jalea,Jalea Naranja Colun 100Gr,299,299
jalea,Jalea Naranja Nestlé 110Gr,399,399
jalea,Jalea Frambuesa Colun 100Gr,299,299
jalea,Jalea Guinda Colun 100Gr,299,299
jalea,Jalea Guinda Nestlé 110Gr,399,399
jalea,Jalea Piña Colun 100Gr,299,299
jalea,Jalea Guinda Soprole 110Gr,350,350
jalea,Jalea Limón Colun 100Gr,299,299
jalea,Jalea Soprole Funny Apple 110 Gr,350,350
jalea,Pouch Jalea Sabor Piña Ambrosoli 100 Gr,499,499
jalea,Jabón Gel Spa Jalea Real Propóleo Familand 500 Ml,2090,2090
jalea,Acondicionador Propóleo Familand 750Ml,1799,1799
jalea,Gelatina Frutilla Caricia 50Gr,649,649
jalea,Gelatina Guinda Caricia 50Gr,649,649
jalea,Gelatina Frambuesa Caricia 50Gr,649,649
jalea,Kit Aclarante Shampoo&Acondicionador Tío Nacho,13990,13990
jalea,Jalea Piña Soprole 110Gr,350,350
jalea,Kit Herbolaria Milenaria Shampoo&Acondicionador Tío Nacho,13990,13990
jalea,Kit Crecimiento Saludable Shampoo&Acondicionador Tío Nacho,12990,12990
puré,Puré Maggi 93Gr,1399,1399
puré,Puré de Papa Maggi 187Gr,2150,2150
puré,Puré de Manzana Stollenwerk 710Gr,4290,4290
puré,Desodorante Pure Brisa Air Wick 250Ml,4490,4490
puré,Té Pure Darjeeling Suave 25 Unidades,5990,5990
puré,Puré de Tomates Pontevedra 520gr,1299,1299
puré,Desodorante Ambiental Pure Cherry Air Wick 250Ml,4490,4490
puré,Puré de Manzana Dos Caballos 590Gr,2250,2250
puré,Puré Orgánico Manzana/Frambuesa Ama 90 Gr,899,899
puré,Té Pure Ceylon Tea Supremo 125Gr,2299,2299
puré,Agua Mineral Sin Gas Pure Life 6Lt,1990,1990
puré,Té Puro de Ceylon Superior 250Gr,4290,4290
puré,Desodorante Barra Pure Sport Old Spice 50Gr,3495,3495
puré,Desodorante Body Spray Pure Sport Old Spice 150Ml,3495,3495
puré,Crema Mascarilla Hidratación Ligera Hialurónico Pure L´oréal Elvive 300Gr,4299,4299
puré,Snack Cat Churu Atún 56Gr,2690,2690
puré,Snack Cat Churu Atún con Salmón 56Gr,2690,2690
puré,Crema Afeitar Sensitive Nivea Men 100 Ml,3990,3990
puré,Colados Pavo con Verduras Nestlé 215Gr,2099,2099
puré,Puré de Papa Maggi 125Gr,1499,1499
harina,Harina Nieve 10Kg,9990,9990
harina,Harina Nieve 20Kg,17990,17990
harina,Harina Nieve 5Kg,4990,4990
harina,Harina Collico Tipo Fuerza 1Kg,1199,1199
harina,Harina Integral Selecta 1Kg,2290,2290
harina,Harina Mariposa Tud 10Kg,9990,9990
harina,Harina Tostada Oso 500Gr,1199,1199
harina,Harina Multicereal Selecta 1Kg,2290,2290
harina,Harina Mariposa 5Kg,4990,4990
harina,Harina Todo Uso Kunstmann 750gr,999,999
harina,Harina de Coco Koe 150Gr,1099,1099
harina,Harina Collico 1Kg,999,999
harina,Harina Tostada Oso 1Kg,1990,1990
harina,Harina de Linaza Mi Tierra 400Gr,2690,2690
harina,Harina Todo Uso Mariposa 20Kg,17990,17990
harina,Harina de Trigo Collico 3kg,2990,3990
harina,Harina Repostería Fina Cake Selecta 650Gr,2290,2290
harina,Harina Sin Polvos De Hornear Selecta 3Kg,4290,4290
harina,Harina de Coco Mi Tierra 400Gr,2990,2990
harina,Harina Kunstman Tostada 500 Gr,799,799
salchicha,Salchichas Gordas Pacel,4490,4490
salchicha,Salchichas Sin Piel Pacel 250Gr,2290,2290
salchicha,Salchicha Pavo Tradicional PF 250Gr,1290,1290
salchicha,Salchicha Sureña San Jorge 250Gr,1399,1399
salchicha,Salchichas Premium Receta del Abuelo 750Gr,5590,5590
salchicha,Salchichas Sin Piel Pacel 500Gr,4990,4990
salchicha,Salchichas Sureñas PF 1Kg,3990,4190
salchicha,Salchichas Sureñas PF 250Gr,1299,1299
salchicha,Salchicha Pollo PF 250Gr,1290,1290
salchicha,Salchichas Bronto San Jorge 950gr,4299,4299
salchicha,Salchicha Llanquihue 500Gr,4890,4890
salchicha,Salchicha Tradicional PF 1Kg,4290,4290
salchicha,Salchicha Winter Pollo 1 Kg,3290,3490
salchicha,Salchicha Tradicional PF 250Gr,1290,1290
salchicha,Salchicha Winter Tradicional 1 Kg,3290,3490
salchicha,Salchicha Sureña Super Cerdo 1Kg,3990,3990
salchicha,Salchichas Sureñas PF 500Gr,2590,2590
salchicha,Salchicha Sureñas Ahumadas 250gr,1890,1990
salchicha,Salchichas Sureñas Winter 1kg,3490,3690
salchicha,Salchicha Sureña San Jorge 1Kg,3790,4190
agua,Agua sin Gas Para Usted 5Lt,2399,2399
agua,Agua sin Gas Para Usted 500Ml,999,999
agua,Agua con Gas Para Usted 500Ml,999,999
agua,Agua con Gas Para Usted 1.5Lt,1499,1499
agua,Agua sin Gas Para Usted 1.5Lt,1499,1499
agua,Agua sin Gas Cachantún 6Lt,2099,2099
agua,Agua Mas Piña Cachanún 600Ml,899,899
agua,Agua Mas Manzana Cachantun 600Ml,899,899
agua,Agua Mas Pera Cachantún 600Ml,899,899
agua,Agua San Pellegrino Pompelmo 330ml,1590,1590
agua,Agua Aloe Vera Homar 500cc,999,999
agua,Agua sin Gas Voss 375Ml,2490,2490
agua,Agua San Pellegrino Limonata 330ml,1590,1590
agua,Agua Aloe Granada Homar 500Ml,999,999
agua,Agua Light Cachantun 600cc,799,799
agua,Agua Vital 2.5Lt Sin Gas,1199,1199
agua,Agua Piña Mas Cachantún 1.6Lt,1299,1299
agua,Agua sin Gas Cachantun 600cc,799,799
agua,Agua sin Gas Cachantun 1.6Lt,899,899
agua,Agua Con Gas Cachantun 1.6Lt,899,899
leche,Leche Condensada Leche Sur 397Gr,1695,1695
leche,Leche Descremada Surlat 1Lt,1199,1199
leche,Leche Semidescremada Loncoleche 200Cc,550,550
leche,Leche Entera Colun 1Lt,1299,1299
leche,Leche Semidescremada Colun 1Lt,1299,1299
leche,Leche Descremada Zerolacto Soprole 1Lt,1590,1590
leche,Leche Moments Mocaccino Danone 200Ml,699,699
leche,Leche Semidescremada Sabor Plátano Loncoleche 1Lt,1890,1890
leche,Leche Semidescremada Frutilla Surlat 200Ml,399,399
leche,Leche Semidescremada Cappucino Danone 1Lt,2250,2250
leche,Leche Semidescremada Frutilla Loncoleche 200Ml,590,590
leche,Leche Entera sin Lactosa Surlat 1Lt,1299,1299
leche,Leche Semidescremada Sabor Frutilla Loncoleche 1Lt,1890,1890
leche,Leche Semidescremada Plátano Loncoleche 200Ml,590,590
leche,Leche Semidescremada Vainilla Loncoleche 200Ml,399,399
leche,Leche Entera en Polvo Ula 800Gr,6490,6490
leche,Leche Semidescremada Loncoleche 1Lt,1190,1190
leche,Leche Sabor Frutilla Soprole 200Ml,550,550
leche,Leche Descremada Colun 1Lt,1299,1299
leche,Leche Semidescremada Surlat 1Lt,1199,1199
jugo,Jugo Ciruela Afe 300Ml,1690,1690
jugo,Jugo Manzana/Pera Guallarauco 1Lt,2890,2890
jugo,Jugo Manzana Orgánico Ama 300ml,1990,1990
jugo,Jugo Cranberry Berryvita 1Lt,13990,13990
jugo,Jugo Piña Frugo 1.75Lt,2090,2090
jugo,Jugo Maracuyá Frugo 1.75Lt,2090,2090
jugo,Jugo Bless #10 1Lt,3990,3990
jugo,Jugo Manzana-Kiwi Orgánico Ama 1Lt,4990,4990
jugo,Jugo Cranberry Berryvita 450ml,7990,7990
jugo,Jugo Tomate Centauro 300Cc,2490,2490
jugo,Jugo Bless Naranja #14 1Lt,4490,4490
jugo,Jugo Bless #09 300 Ml,1795,1795
jugo,Jugo Manzana Afe 1Lt,4190,4190
jugo,Jugo Instantáneo en Polvo Piña Vivo 7Gr,249,249
jugo,Jugo Instantáneo en Polvo Pera Vivo 7Gr,249,249
jugo,Jugo Instantáneo en Polvo Limonada Vivo 7Gr,249,249
jugo,Jugo Berries Frugo 1.5Lt,2090,2090
jugo,Jugo de Mango Guallarauco 1Lt,2890,2890
jugo,Jugo de Naranja Guallarauco 1Lt,2890,2890
jugo,Jugo Pera Afe 300Ml,1690,1690
papel higiénico,Papel Higiénico Doble Hoja Confort 40Mt 8 Unidades,4495,5299
papel higiénico,Papel Higiénico Ultra Doble hoja Elite 50Mt 9 Unidades,9990,10990
papel higiénico,Papel Higiénico Doble Hoja Elite 50Mt 4 Unidades,3990,4690
papel higiénico,Papel Higiénico Doble Hoja 25Mt 12 Unidades,10990,10990
papel higiénico,Papel Higiénico Doble Hoja Noble 22Mt 40 Unidades,9990,12990
papel higiénico,Papel Higiénico Doble Hoja Elite 50Mt 8 Unidades,6990,8590
papel higiénico,Papel Higiénico Elite 25Mt 24 Unidades,12990,13990
papel higiénico,Papel Higiénico Ultra Doble Hoja Elite 25Mt 4 Unidades,1990,1990
papel higiénico,Papel Higiénico Blanco Del Sur 50Mt 4Unid,2495,2990
papel higiénico,Papel Higiénico Doble Hoja Noble 4 Unidades,999,1399
papel higiénico,Papel Higienico Confort 4U 27Mt,1399,1399
papel higiénico,Papel Higiénico Confort 40 Unidades 22Mt,11990,12990
papel higiénico,Papel Higiénico Máxima Suavidad Elite 12 Rollos 40Mt,11990,13990
papel higiénico,Papel Higiénico Confort Familiar 8 Unidades 120M,7990,8490
papel higiénico,Papel Higiénico 24 Unidades de 25 Metros Swan,7990,7990
papel higiénico,Papel Sanitario Swan 22Mt 24 Unidades,6990,7990
papel higiénico,Elite Strong 40 Mt 4 Unidades,4990,4990
papel higiénico,Papel Higiénico Doble Hoja Favorita 24 Unidades,7990,7990
papel higiénico,Papel Higiénico Scott 6 Unidades,1990,1990
jabón,Jabon Liquido Unicornio 300Ml,2990,2990
jabón,Jabón Baby Hipoalergénico Giselle 750ml,2190,2190
jabón,Jabón Avena Bellekiss 1.5Lt,2490,2490
jabón,Jabón Líquido Elite 700Ml,3290,3290
jabón,Jabón Líquido Elite 230Ml,2990,2990
jabón,Jabón Almendras Le Sancy 450ml,1199,1399
jabón,Jabón Almendras y Chocolate Simond´s 1.5Lt,3490,3490
jabón,Jabón 3 Barras Elite 90Gr,2495,2699
jabón,Jabón Gel Spa Avena Karité Familand 500Ml,2090,2090
jabón,Jabón Cremoso Hipoalergénico Simonds 1Lt,2599,2599
jabón,Jabón Barra Individual Elite 90Gr,1399,1399
jabón,Jabón Glicerina Hipoalergénico Avena Simonds 1Lt,2599,2599
jabón,Jabón Glicerina Hipoalergénico Simonds 750Ml,2990,2990
jabón,Jabón Líquido Recarga Dove 700Ml,3990,3990
jabón,Mago Pads Jabón Virutex 4 Unidades,1490,1490
jabón,Jabón Líquido Manzana Miel Kadus 900Ml,1590,1590
jabón,Mago Pads con Jabón Virutex 6 Unidades,2190,2190
jabón,Jabón Gel Spa Maqui Arándano Familand 500Ml,2090,2090
jabón,Jabón Gel Spa Jalea Real Propóleo Familand 500 Ml,2090,2090
jabón,Jabón Glicerina Antibacteriano Hipoalergénico Simonds 1Lt,2790,2790
lavalozas,Lavalozas Rinso 800Ml,999,1199
lavalozas,Lavaloza Ecológico Virutex 500ml,1499,1499
lavalozas,Lavaloza Relux 2 Litros,1199,1199
lavalozas,Lavaloza Quix Ultra 200Ml,1199,1499
lavalozas,Lavaloza Blue Dawn 458Ml,4990,4990
lavalozas,Lavaloza Fuzol 750Ml,999,1199
lavalozas,Lavaloza Limón Doypack Virginia 1000Ml,1499,1499
lavalozas,Lavalozas The Pink Stuff 500Ml,6490,6490
lavalozas,Lavaloza Higienizante Concentrado Virutex 500ml,1499,1499
lavalozas,Lavaloza Relux 5Lt,2990,2990
lavalozas,Lavaloza Quix Ultra Concentrado 750ml,3595,3595
lavalozas,Lavaloza Recarga Virginia 1500Ml,2199,2199
lavalozas,Lavaloza Bio Activos Limón Quix 750Ml,2350,2350
lavalozas,Lavaloza Ultra Concentrado Quix 450ml,1990,1990
lavalozas,Lavaloza Quix 480Ml,999,999
lavalozas,Limpiador de Máquinas Lavavajillas Finish 250ml,3295,3295
lavalozas,Tabletas Lavavajillas todo en 1 Finish 13 Unidades,5990,5990
lavalozas,Clorogel Eucaliptus 900ml,1199,1199
lavalozas,Abrillantador Liquido para Lavavajillas Finish 400Ml,4590,4590
lavalozas,Lavavajillas Cascade Platinium 14 Cápsulas,9990,9990
esponja,Esponja Dual The Pink Stuff,4490,4490
esponja,Esponja lisa Cobre Antibacterial Virutex 2 Unidades,1790,1790
esponja,Esponja Orotex Mediana 3X2,3290,3290
esponja,Esponja Inoxidable Platinium Virutex 3 Unidades,2890,2890
esponja,Esponja Acero Galvanizado Virutex 1 Unidad,499,499
esponja,Esponja Cobre Antibacterial Virutex,1990,1990
esponja,Esponja Zapatos Negro Virginia,2190,2190
esponja,Esponja Acanalada de Cobre Antibacterial 2 Unidades,1890,1890
esponja,Esponja Anatómica Acanalada 3+1 No Raya Virutex,2099,2099
esponja,Esponja Zapatos Virginia Neutro,2190,2190
esponja,Virutilla Mediana Regular N°4 Virutex,1590,1590
esponja,Rollos de Acero Mago Pads Virutex 6 Unidades,1290,1290
esponja,Mago Pads Virutex 12 Unidades,1890,1890
esponja,Virutilla Grande Fina N°2 Virutex,2890,2890
esponja,Mago Pads Jabón Virutex 4 Unidades,1490,1490
esponja,Mago Pads con Jabón Virutex 6 Unidades,2190,2190
esponja,Lana Fina Mediana para Ollas Virutex,490,490
esponja,Virutilla Lana Fina para Ollas Virutex,790,790
esponja,Virutilla Mediana Fina N°2 Virutex,1890,1890
esponja,Orotex con Mango Virutex,1899,1899
virutilla,Virutilla Mediana Regular N°4 Virutex,1590,1590
virutilla,Virutilla Grande Fina N°2 Virutex,2890,2890
virutilla,Virutilla Mediana Fina N°2 Virutex,1890,1890
virutilla,Virutilla Lana Fina para Ollas Virutex,790,790
virutilla,Limpiador Virutilla Líquida Virginia 900Ml,3590,3590
virutilla,Esponja Acero Galvanizado Virutex 1 Unidad,499,499
virutilla,Esponja Dual The Pink Stuff,4490,4490
virutilla,Esponja Cobre Antibacterial Virutex,1990,1990
virutilla,Esponja Inoxidable Platinium Virutex 3 Unidades,2890,2890
virutilla,Rollos de Acero Mago Pads Virutex 6 Unidades,1290,1290
virutilla,Esponja lisa Cobre Antibacterial Virutex 2 Unidades,1790,1790
virutilla,Esponja Acanalada de Cobre Antibacterial 2 Unidades,1890,1890
virutilla,Mago Pads Virutex 12 Unidades,1890,1890
virutilla,Esponja Anatómica Acanalada 3+1 No Raya Virutex,2099,2099
virutilla,Mago Pads Jabón Virutex 4 Unidades,1490,1490
virutilla,Mago Pads con Jabón Virutex 6 Unidades,2190,2190
virutilla,Lana Fina Mediana para Ollas Virutex,490,490
virutilla,Esponja Orotex Mediana 3X2,3290,3290
virutilla,Orotex con Mango Virutex,1899,1899
shampoo,Shampoo Baby Simonds 400Cc,2990,2990
shampoo,Shampoo Manzanilla Babyland 410Cc,2190,2190
shampoo,Shampoo Brillo Vitaminado Fructis 350ml,3490,3490
shampoo,Shampoo AntiComezón 375ml,4990,4990
shampoo,Shampoo Frozen 300Ml,2990,2990
shampoo,Fructis Shampoo Frescura Vitaminas 350Ml,3490,3490
shampoo,Shampoo Burbujas Babyland 410Cc,2190,2190
shampoo,Shampoo Pineapple Simonds Kids 400Cc,3190,3190
shampoo,Shampoo Niños Evita Lágrimas,3590,3590
shampoo,Shampoo Baby Simonds 610Ml,4390,4390
shampoo,Shampoo Propóleo Miel Familand 750Ml,1799,1799
shampoo,Shampoo Camomilla Simonds 400Ml,2990,2990
shampoo,Shampoo Arandano Familand 750Ml,1799,1799
shampoo,Shampoo Manzanilla Smile Kids 400Ml,2790,2790
shampoo,Shampoo Cherry Cerezo Familand 750Ml,1799,1799
shampoo,Shampoo Adultos Clásico Extra Suave Simonds 400Ml,2490,2490
shampoo,Shampoo Toy Story 350Ml Disney,3990,3990
shampoo,Shampoo Cabello Canoso Familand 750Ml,1799,1799
shampoo,Kit Shampoo/Acondicionador Bambú Pantene,6990,6990
shampoo,Shampoo Balsámico Uso Frecuente Perro Canish 300Ml,4490,4490
acondicionador,Acondicionador Control Caída Pro Vitaminas Pantene 400Ml,4790,4790
acondicionador,Acondicionador Keratina Pantene 250ml,4690,4690
acondicionador,Acondicionador Leche De Coco Familand 750Ml,1799,1799
acondicionador,Acondicionador Propóleo Familand 750Ml,1799,1799
acondicionador,Acondicionador Manzanilla Babyland 410Ml,2190,2190
acondicionador,Acondicionador Mazana Papaya Familand 750Ml,1799,1799
acondicionador,Acondicionador Manzanilla Baby Care Simond's 400Ml,2890,2890
acondicionador,Acondicionador Simonds 610 Ml,4390,4390
acondicionador,Acondicionador Granada Herbal Essences 400ml,5190,5190
acondicionador,Acondicionador Fortificante Frescura Vitaminada Fructis 350Ml,3490,3490
acondicionador,Acondicionador Centaurea Cyanus Familand 750Ml,1799,1799
acondicionador,Acondicionador Brillo y Reflejos Luminosos Familand 750Ml,1799,1799
acondicionador,Acondicionador Pro-V Restauración Pantene 400Ml,4790,4790
acondicionador,Acondicionador Equilibrio Raíz/Punta Pantene 250ml,4790,4790
acondicionador,Acondicionador Coco/Jazmín Herbal Essences 400ml,5190,5190
acondicionador,Acondicionador Fuerza y Reconstrucción Pro-Vitaminas Pantene 400Ml,4790,4790
acondicionador,Acondicionador Suavelina 750Ml Manzanilla,999,1199
acondicionador,Acondicionador Suavelina 750Ml Palta,999,1199
acondicionador,Acondicionador Bambú Cannabis Óleo Micelar Familand 750Ml,1799,1799
acondicionador,Acondicionador Bambú/Ginseng Ballerina 750ml,1595,1595
bolsa basura,Bolsa Basura Pequeña Virutex 50x70Cm 10 Unidades,690,690
bolsa basura,Bolsa Basura Pequeña Eltit 50X70Cm 10 Unidades,599,599
bolsa basura,Bolsa Basura Mediana 70x90Cm 10 Unidades Virutex,1299,1299
bolsa basura,Bolsa Basura Jardín Virutex 80x120Cm 10 Unidades,3490,3490
bolsa basura,Bolsa Basura Papelera Virutex 50X55Cm 20 Unidades,1199,1199
bolsa basura,Bolsa de Basura Grande Eltit 80X110Cm 10 Unidades,1399,1399
bolsa basura,Bolsa Basura Impeke 70x90 10 Unidades,999,999
bolsa basura,Bolsa Basura Mediana Eltit 70X90Cm 10 Unidades,999,999
cloro,Cloro Concentrado Tradicional Impeke 2Lt,2099,2099
cloro,Cloro Gel Clorinda 900Ml,1899,1899
cloro,Cloro Concentrado Dapper 3Lt,3990,3990
cloro,Cloro Ultra Poder Impeke 2Lt,1990,1990
cloro,Cloro Tradicional Clorinda 1Lt,1199,1199
cloro,Cloro Concentrado Tradicional Impeke 1Lt,1299,1299
cloro,Cloro Gel Tradicional Impeke 900Ml,1399,1399
cloro,Cloro Trádicional Clorox 1Lt,1299,1299
cloro,Cloro Ropa Blanca Impeke 1Lt,1499,1499
cloro,Cloro Gel Lavanda Cif 800Ml,2290,2290
cloro,Cloro Gel tradicional Cif 800ml,1990,2290
cloro,Cloro Ropa Color Impeke 930Ml,1990,1990
cloro,Cloro Gel Limón Impeke 900Ml,1399,1399
cloro,Súper Blanco sin Cloro Dr. Beckmann 80gr,1990,1990
cloro,Cloro gel Citrus Impeke 900Ml,1399,1399
cloro,Súper Blanco sin Cloro Dr. Beckmann 6 Cargas,3990,3990
cloro,Cloro Concentrado Forte Impeke 1Lt,1299,1299
cloro,Clorox Lavanda 950ml,1499,1499
cloro,Clorox 2Lt Tradicional,2399,2399
cloro,Clorogel Lavanda 900Ml,1199,1199
toalla papel,Toalla Papel Abolengo 10Mt 3 Unidades,999,1490
toalla papel,Toalla Papel Clásica Mega Oso 100Mt,2595,2595
toalla papel,Toalla Papel Blanco Del Sur Ultra 50Mt,1990,2190
toalla papel,Toalla Papel Mega Doble Hoja Blanco del Sur 100Mt,4495,4990
toalla papel,Toalla Papel Maxwipe 50 Paños Elite 1 Unidad,2499,2499
toalla papel,Toalla Papel Ultra Mega Rollo Nova 26Mt 2 Unidades,3099,3099
toalla papel,Toalla de Papel Doble Hoja Blanco Del Sur 3 Rollos 18Mt,1990,2190
toalla papel,Toalla Papel Evolution Doble Hoja Nova 14Mt 3 Unidades,3990,3990
toalla papel,Toalla Papel Clásica Mega Oso 150Mt,3595,3595
toalla papel,Toalla Papel Gigante Doble Hoja Nova 100Mt,5890,5890
toalla papel,Toalla Ultra Nova 70mt,2795,3590
toalla papel,Toalla Deco Maxi Elite Rollo 2 Unidades,2990,3990
toalla papel,Toalla Abolengo 100 Mt,3690,3690
toalla papel,Toalla Doble Hoja Swan 45Mt,1495,1695
toalla papel,Toalla Nova Clasica 12Mt 3Unid,1990,1990
toalla papel,Toalla Nova Clásica 40Mt,1595,1890
toalla papel,Toalla Papel Clásica XL Nova 45Mt,2399,2399
servilleta,Servilletas 300 Unidades Swan,1595,1990
servilleta,Servilleta Clásica Mesa Nova 150 Unidades,999,1199
servilleta,Servilleta Ultra Suave Hoja Simple Cóctel Elite 50 Unidades,480,480
servilleta,Servilleta Clásica Coctel Nova 300 Unidades,2290,2290
servilleta,Servilleta Mini Cóctel Abolengo 40 Unidades,299,299
servilleta,Servilleta Clásica Mesa Nova 50 Unidades,349,349
servilleta,Servilleta Una Hoja Cóctel Elite 200 Unidades,1690,1690
servilleta,Servilleta de Mesa Blanca Elite 200 Unidades,2990,3690
servilleta,Servilleta Una Hoja Ultra Suave Mesa Elite 50 Unidades,799,799
servilleta,Servilleta Fiestas Patrias Chile 25x25Cm 20 Unidades,999,999
servilleta,Servilleta Una Hoja Cóctel Elite 400 Unidades,4390,4390
servilleta,Pañuelo Elite Normal Pack X18 Unidades,3490,3490
servilleta,Servilleta Cóctel Clásica Oso 200 Unidades,1299,1299
detergente,Detergente Omo 400ml,1299,1299
detergente,Detergente Omo 5Kg,15990,15990
detergente,Detergente Matic Bio Frescura 2.5Kg,5990,5990
detergente,Detergente Ariel 2.7Kg,7190,8990
detergente,Detergente Zona Lacustre 3Lt,4990,4990
detergente,Detergente Omo Liquido 500Ml Piel Sensible,4990,7990
detergente,Detergente Liquido Matic Bio Frescura 3Lt,6290,6290
detergente,Detergente Líquido Rinso Lirios 500ml,1199,1199
detergente,Detergente Multiacción Botella Omo 3Lt,9990,9990
detergente,Detergente Matic Multiacción Omo 3Lt,7990,9990
detergente,Detergente Recarga Ariel 1.2 Lt,7350,8990
detergente,Detergente Ariel Toque Downy 400Gr,1490,1695
detergente,Detergente en Polvo Multiacción Omo 400Gr,1499,1499
detergente,Detergente Omo con Bicarbonato en Polvo 2.7Kg,7990,8990
detergente,Detergente Liquido con Toque Downy Ariel 1.2 Lt,7350,8990
detergente,Detergente Hortensias y Flores Blancas Rinso 3Lt,6495,7990
detergente,Detergente en Polvo Ultra Power Omo 2.7Kg,7990,8990
detergente,Detergente Lirios y Rosas Rinso 3Kg,7990,7990
detergente,Detergente en Hojas Solubles Dr.Beckmann 20 Unidades,5990,5990
detergente,Detergente Drive 400Gr,1595,1595
